application_id,applicant_id,as_of_date,credit_history_status,credit_history_months_observed,max_days_overdue,delinquent_event_count,total_outstanding_debt,total_overdue_amount,debt_to_income_ratio,overdue_amount_to_income,delinquency_points,debt_burden_points,risk_tier_score,risk_tier,risk_tier_basis,risk_tier_ruleset_version
LA100000,APP100000,2026-06-15,ESTABLISHED,22,0.0,0,72779.48,0.0,0.4939,0.0,0,1,1.0,T1,CREDIT_HISTORY,1.0
LA100001,APP100001,2025-05-08,ESTABLISHED,7,0.0,0,87759.16,0.0,0.5574,0.0,0,2,2.0,T2,CREDIT_HISTORY,1.0
LA100002,APP100002,2026-04-14,LIMITED_HISTORY,4,42.0,2,58947.99,3490.23,0.5132,0.0304,2,2,6.0,T4,LIMITED_HISTORY,1.0
LA100003,APP100003,2025-03-03,ESTABLISHED,22,0.0,0,157625.82,0.0,1.1389,0.0,0,3,3.0,T2,CREDIT_HISTORY,1.0
LA100004,APP100004,2025-04-01,ESTABLISHED,23,0.0,0,121327.47,0.0,0.9234,0.0,0,3,3.0,T2,CREDIT_HISTORY,1.0
LA100005,APP100005,2025-03-26,LIMITED_HISTORY,2,0.0,0,107805.67,0.0,0.4444,0.0,0,1,1.0,T1,LIMITED_HISTORY,1.0
LA100006,APP100006,2024-03-03,ESTABLISHED,11,0.0,0,109009.35,0.0,1.035,0.0,0,3,3.0,T2,CREDIT_HISTORY,1.0
LA100007,APP100007,2026-07-19,LIMITED_HISTORY,1,0.0,0,9771.97,0.0,0.1791,0.0,0,0,0.0,T1,LIMITED_HISTORY,1.0
LA100008,APP100008,2026-01-31,ESTABLISHED,17,22.0,2,108054.25,5365.93,0.6135,0.0305,1,2,5.0,T3,CREDIT_HISTORY,1.0
LA100009,APP100009,2024-03-01,ESTABLISHED,13,60.0,1,167068.62,28197.7,0.8212,0.1386,3,3,9.0,T5,CREDIT_HISTORY,1.0
LA100010,APP100010,2026-09-24,LIMITED_HISTORY,3,0.0,0,34919.67,0.0,0.2264,0.0,0,0,0.0,T1,LIMITED_HISTORY,1.0
LA100011,APP100011,2026-11-23,ESTABLISHED,9,0.0,0,19753.05,0.0,0.2402,0.0,0,0,0.0,T1,CREDIT_HISTORY,1.0
LA100012,APP100012,2025-10-04,ESTABLISHED,8,0.0,0,31802.91,0.0,0.5185,0.0,0,2,2.0,T2,CREDIT_HISTORY,1.0
LA100013,APP100013,2025-09-02,ESTABLISHED,24,0.0,0,25548.59,0.0,0.3349,0.0,0,1,1.0,T1,CREDIT_HISTORY,1.0
LA100014,APP100014,2025-04-30,ESTABLISHED,12,0.0,0,27888.15,0.0,0.4255,0.0,0,1,1.0,T1,CREDIT_HISTORY,1.0
LA100015,APP100015,2026-08-29,ESTABLISHED,19,0.0,0,15583.93,0.0,0.2189,0.0,0,0,0.0,T1,CREDIT_HISTORY,1.0
LA100016,APP100016,2025-08-25,ESTABLISHED,8,0.0,0,43250.49,0.0,0.3037,0.0,0,1,1.0,T1,CREDIT_HISTORY,1.0
LA100017,APP100017,2024-02-03,LIMITED_HISTORY,4,0.0,0,50540.79,0.0,0.2372,0.0,0,0,0.0,T1,LIMITED_HISTORY,1.0
LA100018,APP100018,2026-06-16,ESTABLISHED,7,0.0,0,63297.43,0.0,0.6976,0.0,0,2,2.0,T2,CREDIT_HISTORY,1.0
LA100019,APP100019,2026-10-03,ESTABLISHED,9,0.0,0,147753.09,0.0,0.9096,0.0,0,3,3.0,T2,CREDIT_HISTORY,1.0
LA100020,APP100020,2026-06-20,ESTABLISHED,22,34.0,2,86474.76,10140.09,1.579,0.1852,2,3,8.0,T5,CREDIT_HISTORY,1.0
LA100021,APP100021,2026-10-25,ESTABLISHED,24,0.0,0,188870.28,0.0,0.944,0.0,0,3,3.0,T2,CREDIT_HISTORY,1.0
LA100022,APP100022,2025-04-16,ESTABLISHED,6,0.0,0,58776.7,0.0,0.4469,0.0,0,1,1.0,T1,CREDIT_HISTORY,1.0
LA100023,APP100023,2026-04-09,LIMITED_HISTORY,3,0.0,0,44412.61,0.0,0.4611,0.0,0,1,1.0,T1,LIMITED_HISTORY,1.0
LA100024,APP100024,2024-09-26,ESTABLISHED,16,21.0,1,16518.85,1492.65,0.2861,0.0258,1,1,4.0,T3,CREDIT_HISTORY,1.0
LA100025,APP100025,2026-11-08,ESTABLISHED,14,0.0,0,125839.99,0.0,0.645,0.0,0,2,2.0,T2,CREDIT_HISTORY,1.0
LA100026,APP100026,2026-07-31,LIMITED_HISTORY,3,0.0,0,15207.28,0.0,0.1532,0.0,0,0,0.0,T1,LIMITED_HISTORY,1.0
LA100027,APP100027,2025-06-04,LIMITED_HISTORY,3,60.0,1,29273.26,1548.71,0.4673,0.0247,3,1,6.0,T4,LIMITED_HISTORY,1.0
LA100028,APP100028,2024-01-04,ESTABLISHED,24,0.0,0,85327.28,0.0,1.1238,0.0,0,3,3.0,T2,CREDIT_HISTORY,1.0
LA100029,APP100029,2026-09-14,ESTABLISHED,13,0.0,0,162534.62,0.0,1.1003,0.0,0,3,3.0,T2,CREDIT_HISTORY,1.0
LA100030,APP100030,2026-08-15,ESTABLISHED,23,120.0,1,79068.8,17260.83,0.4664,0.1018,5,1,9.0,T5,CREDIT_HISTORY,1.0
LA100031,APP100031,2025-02-03,LIMITED_HISTORY,5,0.0,0,48963.27,0.0,0.3418,0.0,0,1,1.0,T1,LIMITED_HISTORY,1.0
LA100032,APP100032,2024-06-16,ESTABLISHED,8,0.0,0,160772.61,0.0,0.6469,0.0,0,2,2.0,T2,CREDIT_HISTORY,1.0
LA100033,APP100033,2025-08-14,ESTABLISHED,17,0.0,0,87157.44,0.0,0.4624,0.0,0,1,1.0,T1,CREDIT_HISTORY,1.0
LA100034,APP100034,2026-12-09,ESTABLISHED,17,0.0,0,177669.11,0.0,0.8984,0.0,0,3,3.0,T2,CREDIT_HISTORY,1.0
LA100035,APP100035,2026-10-11,NO_HISTORY,0,,0,,,,,0,0,,T3,NO_CREDIT_HISTORY,1.0
LA100036,APP100036,2025-07-27,LIMITED_HISTORY,2,90.0,6,52151.34,10860.57,0.6785,0.1413,4,2,9.0,T5,LIMITED_HISTORY,1.0
LA100037,APP100037,2024-04-05,ESTABLISHED,24,0.0,0,213797.04,0.0,1.0335,0.0,0,3,3.0,T2,CREDIT_HISTORY,1.0
LA100038,APP100038,2024-09-03,ESTABLISHED,19,0.0,0,167660.65,0.0,0.8683,0.0,0,3,3.0,T2,CREDIT_HISTORY,1.0
LA100039,APP100039,2024-08-02,NO_HISTORY,0,,0,,,,,0,0,,T3,NO_CREDIT_HISTORY,1.0
LA100040,APP100040,2026-10-27,ESTABLISHED,24,0.0,0,126954.93,0.0,0.5157,0.0,0,2,2.0,T2,CREDIT_HISTORY,1.0
LA100041,APP100041,2026-12-31,ESTABLISHED,8,0.0,0,81864.38,0.0,0.4557,0.0,0,1,1.0,T1,CREDIT_HISTORY,1.0
LA100042,APP100042,2025-08-02,ESTABLISHED,7,0.0,0,22756.48,0.0,0.4288,0.0,0,1,1.0,T1,CREDIT_HISTORY,1.0
LA100043,APP100043,2024-04-18,ESTABLISHED,7,0.0,0,61720.37,0.0,0.5241,0.0,0,2,2.0,T2,CREDIT_HISTORY,1.0
LA100044,APP100044,2024-03-28,ESTABLISHED,15,0.0,0,39399.95,0.0,0.511,0.0,0,2,2.0,T2,CREDIT_HISTORY,1.0
LA100045,APP100045,2026-01-14,ESTABLISHED,7,0.0,0,77133.36,0.0,0.4641,0.0,0,1,1.0,T1,CREDIT_HISTORY,1.0
LA100046,APP100046,2024-11-14,ESTABLISHED,21,0.0,0,107084.39,0.0,1.0497,0.0,0,3,3.0,T2,CREDIT_HISTORY,1.0
LA100047,APP100047,2026-11-04,LIMITED_HISTORY,2,0.0,0,92903.01,0.0,0.3961,0.0,0,1,1.0,T1,LIMITED_HISTORY,1.0
LA100048,APP100048,2026-01-16,ESTABLISHED,21,0.0,0,63980.36,0.0,0.5819,0.0,0,2,2.0,T2,CREDIT_HISTORY,1.0
LA100049,APP100049,2025-06-29,ESTABLISHED,9,23.0,1,27476.0,766.86,0.5581,0.0156,1,2,4.0,T3,CREDIT_HISTORY,1.0
LA100050,APP100050,2025-12-06,ESTABLISHED,17,133.0,1,40644.73,3813.59,0.4872,0.0457,5,1,8.0,T5,CREDIT_HISTORY,1.0
LA100051,APP100051,2024-12-27,ESTABLISHED,22,0.0,0,265741.81,0.0,1.0643,0.0,0,3,3.0,T2,CREDIT_HISTORY,1.0
LA100052,APP100052,2026-10-22,ESTABLISHED,22,0.0,0,87791.94,0.0,0.4989,0.0,0,1,1.0,T1,CREDIT_HISTORY,1.0
LA100053,APP100053,2025-03-21,ESTABLISHED,6,0.0,0,86914.02,0.0,0.4078,0.0,0,1,1.0,T1,CREDIT_HISTORY,1.0
LA100054,APP100054,2026-09-16,ESTABLISHED,15,37.0,1,146164.75,8152.15,0.7048,0.0393,2,2,6.0,T4,CREDIT_HISTORY,1.0
LA100055,APP100055,2025-04-27,ESTABLISHED,17,90.0,2,129828.7,11743.35,0.6192,0.056,4,2,9.0,T5,CREDIT_HISTORY,1.0
LA100056,APP100056,2025-07-25,ESTABLISHED,14,0.0,0,32800.73,0.0,0.316,0.0,0,1,1.0,T1,CREDIT_HISTORY,1.0
LA100057,APP100057,2025-06-24,LIMITED_HISTORY,2,0.0,0,37167.6,0.0,0.2409,0.0,0,0,0.0,T1,LIMITED_HISTORY,1.0
LA100058,APP100058,2025-09-25,ESTABLISHED,10,21.0,1,235042.42,15833.31,0.989,0.0666,1,3,7.0,T4,CREDIT_HISTORY,1.0
LA100059,APP100059,2025-08-15,ESTABLISHED,7,0.0,0,255133.73,0.0,1.0788,0.0,0,3,3.0,T2,CREDIT_HISTORY,1.0
LA100060,APP100060,2025-07-03,ESTABLISHED,8,0.0,0,95251.55,0.0,0.6333,0.0,0,2,2.0,T2,CREDIT_HISTORY,1.0
LA100061,APP100061,2024-11-27,ESTABLISHED,8,0.0,0,28324.13,0.0,0.2685,0.0,0,1,1.0,T1,CREDIT_HISTORY,1.0
LA100062,APP100062,2025-09-16,LIMITED_HISTORY,3,15.0,3,174580.88,20994.33,0.7459,0.0897,1,2,6.0,T4,LIMITED_HISTORY,1.0
LA100063,APP100063,2026-08-05,ESTABLISHED,14,0.0,0,37254.43,0.0,0.3559,0.0,0,1,1.0,T1,CREDIT_HISTORY,1.0
LA100064,APP100064,2025-09-16,LIMITED_HISTORY,4,0.0,0,73692.22,0.0,0.4207,0.0,0,1,1.0,T1,LIMITED_HISTORY,1.0
LA100065,APP100065,2026-06-26,ESTABLISHED,6,30.0,2,53591.69,1912.36,0.428,0.0153,2,1,4.0,T3,CREDIT_HISTORY,1.0
LA100066,APP100066,2024-04-13,ESTABLISHED,22,0.0,0,52988.63,0.0,1.0214,0.0,0,3,3.0,T2,CREDIT_HISTORY,1.0
LA100067,APP100067,2025-10-17,ESTABLISHED,24,0.0,0,107872.9,0.0,0.6011,0.0,0,2,2.0,T2,CREDIT_HISTORY,1.0
LA100068,APP100068,2025-10-30,ESTABLISHED,8,60.0,1,107332.1,7659.09,0.6404,0.0457,3,2,7.0,T4,CREDIT_HISTORY,1.0
LA100069,APP100069,2026-02-06,ESTABLISHED,18,0.0,0,43723.1,0.0,0.4986,0.0,0,1,1.0,T1,CREDIT_HISTORY,1.0
LA100070,APP100070,2024-11-01,ESTABLISHED,17,30.0,3,19774.75,1070.43,0.5261,0.0285,2,2,6.0,T4,CREDIT_HISTORY,1.0
LA100071,APP100071,2026-09-13,LIMITED_HISTORY,4,45.0,1,63325.07,8764.56,0.4582,0.0634,2,1,6.0,T4,LIMITED_HISTORY,1.0
LA100072,APP100072,2026-02-05,ESTABLISHED,17,0.0,0,72491.43,0.0,0.5639,0.0,0,2,2.0,T2,CREDIT_HISTORY,1.0
LA100073,APP100073,2024-08-08,ESTABLISHED,23,0.0,0,58058.52,0.0,0.314,0.0,0,1,1.0,T1,CREDIT_HISTORY,1.0
LA100074,APP100074,2026-05-13,ESTABLISHED,21,60.0,1,125486.82,20133.2,0.8075,0.1296,3,3,9.0,T5,CREDIT_HISTORY,1.0
LA100075,APP100075,2025-09-27,ESTABLISHED,6,0.0,0,121683.72,0.0,0.535,0.0,0,2,2.0,T2,CREDIT_HISTORY,1.0
LA100076,APP100076,2026-08-13,ESTABLISHED,16,0.0,0,50583.79,0.0,0.7328,0.0,0,2,2.0,T2,CREDIT_HISTORY,1.0
LA100077,APP100077,2025-03-29,ESTABLISHED,8,60.0,3,220891.24,11181.27,1.2361,0.0626,3,3,9.0,T5,CREDIT_HISTORY,1.0
LA100078,APP100078,2026-02-22,ESTABLISHED,24,0.0,0,72663.2,0.0,0.7813,0.0,0,3,3.0,T2,CREDIT_HISTORY,1.0
LA100079,APP100079,2025-01-09,LIMITED_HISTORY,4,15.0,1,36748.21,1575.3,0.3203,0.0137,1,1,3.0,T2,LIMITED_HISTORY,1.0
LA100080,APP100080,2026-10-04,ESTABLISHED,9,0.0,0,56042.11,0.0,0.4159,0.0,0,1,1.0,T1,CREDIT_HISTORY,1.0
LA100081,APP100081,2025-10-11,LIMITED_HISTORY,2,0.0,0,35949.0,0.0,0.2016,0.0,0,0,0.0,T1,LIMITED_HISTORY,1.0
LA100082,APP100082,2024-04-13,LIMITED_HISTORY,4,30.0,1,43901.55,945.19,0.3394,0.0073,2,1,4.0,T3,LIMITED_HISTORY,1.0
LA100083,APP100083,2024-11-22,ESTABLISHED,23,15.0,1,156376.26,12526.48,0.9627,0.0771,1,3,7.0,T4,CREDIT_HISTORY,1.0
LA100084,APP100084,2025-02-26,ESTABLISHED,20,71.0,2,145666.77,14261.1,1.0164,0.0995,3,3,9.0,T5,CREDIT_HISTORY,1.0
LA100085,APP100085,2026-08-03,ESTABLISHED,20,0.0,0,47914.0,0.0,0.6543,0.0,0,2,2.0,T2,CREDIT_HISTORY,1.0
LA100086,APP100086,2024-06-05,ESTABLISHED,19,15.0,5,90964.06,8104.79,1.1132,0.0992,1,3,7.0,T4,CREDIT_HISTORY,1.0
LA100087,APP100087,2025-11-24,ESTABLISHED,10,30.0,1,134887.41,17305.34,0.9038,0.1159,2,3,8.0,T5,CREDIT_HISTORY,1.0
LA100088,APP100088,2025-09-08,LIMITED_HISTORY,5,0.0,0,18437.28,0.0,0.1152,0.0,0,0,0.0,T1,LIMITED_HISTORY,1.0
LA100089,APP100089,2024-06-02,ESTABLISHED,9,0.0,0,103874.72,0.0,0.4765,0.0,0,1,1.0,T1,CREDIT_HISTORY,1.0
LA100090,APP100090,2024-04-29,ESTABLISHED,9,0.0,0,107860.84,0.0,0.489,0.0,0,1,1.0,T1,CREDIT_HISTORY,1.0
LA100091,APP100091,2024-12-01,ESTABLISHED,12,21.0,1,61931.72,5878.93,0.9611,0.0912,1,3,7.0,T4,CREDIT_HISTORY,1.0
LA100092,APP100092,2025-05-03,LIMITED_HISTORY,5,0.0,0,88582.4,0.0,0.9032,0.0,0,3,3.0,T2,LIMITED_HISTORY,1.0
LA100093,APP100093,2025-02-22,NO_HISTORY,0,,0,,,,,0,0,,T3,NO_CREDIT_HISTORY,1.0
LA100094,APP100094,2025-02-21,ESTABLISHED,23,15.0,1,108635.54,1453.19,0.7233,0.0097,1,2,4.0,T3,CREDIT_HISTORY,1.0
LA100095,APP100095,2024-10-24,ESTABLISHED,10,0.0,0,262990.33,0.0,1.1269,0.0,0,3,3.0,T2,CREDIT_HISTORY,1.0
LA100096,APP100096,2024-05-14,ESTABLISHED,16,0.0,0,59798.79,0.0,0.3875,0.0,0,1,1.0,T1,CREDIT_HISTORY,1.0
LA100097,APP100097,2026-01-06,LIMITED_HISTORY,3,0.0,0,40575.78,0.0,0.2105,0.0,0,0,0.0,T1,LIMITED_HISTORY,1.0
LA100098,APP100098,2025-11-09,ESTABLISHED,9,0.0,0,118194.48,0.0,0.6502,0.0,0,2,2.0,T2,CREDIT_HISTORY,1.0
LA100099,APP100099,2026-06-25,LIMITED_HISTORY,2,0.0,0,68331.17,0.0,0.3507,0.0,0,1,1.0,T1,LIMITED_HISTORY,1.0
LA100100,APP100100,2026-05-30,ESTABLISHED,13,0.0,0,228085.39,0.0,1.1983,0.0,0,3,3.0,T2,CREDIT_HISTORY,1.0
LA100101,APP100101,2026-01-09,ESTABLISHED,16,0.0,0,109700.8,0.0,0.889,0.0,0,3,3.0,T2,CREDIT_HISTORY,1.0
LA100102,APP100102,2024-03-20,ESTABLISHED,17,39.0,3,48506.37,6558.35,0.5959,0.0806,2,2,7.0,T4,CREDIT_HISTORY,1.0
LA100103,APP100103,2026-11-24,ESTABLISHED,6,0.0,0,226939.03,0.0,0.9099,0.0,0,3,3.0,T2,CREDIT_HISTORY,1.0
LA100104,APP100104,2024-01-23,ESTABLISHED,14,0.0,0,94763.62,0.0,0.5143,0.0,0,2,2.0,T2,CREDIT_HISTORY,1.0
LA100105,APP100105,2024-10-28,ESTABLISHED,18,0.0,0,144314.02,0.0,2.0164,0.0,0,3,3.0,T2,CREDIT_HISTORY,1.0
LA100106,APP100106,2024-07-14,ESTABLISHED,7,27.0,6,91619.61,6404.64,0.8747,0.0611,1,3,7.0,T4,CREDIT_HISTORY,1.0
LA100107,APP100107,2025-05-04,ESTABLISHED,9,94.0,1,29722.58,4737.72,0.5567,0.0887,4,2,9.0,T5,CREDIT_HISTORY,1.0
LA100108,APP100108,2024-03-26,ESTABLISHED,13,30.0,2,29442.0,1132.83,0.5412,0.0208,2,2,6.0,T4,CREDIT_HISTORY,1.0
LA100109,APP100109,2026-07-09,LIMITED_HISTORY,5,47.0,2,35108.35,4736.35,0.3632,0.049,2,1,5.0,T3,LIMITED_HISTORY,1.0
LA100110,APP100110,2026-01-28,ESTABLISHED,10,0.0,0,97840.85,0.0,1.0697,0.0,0,3,3.0,T2,CREDIT_HISTORY,1.0
LA100111,APP100111,2024-05-20,LIMITED_HISTORY,3,0.0,0,100342.94,0.0,0.4267,0.0,0,1,1.0,T1,LIMITED_HISTORY,1.0
LA100112,APP100112,2026-10-13,ESTABLISHED,17,0.0,0,176697.89,0.0,0.8952,0.0,0,3,3.0,T2,CREDIT_HISTORY,1.0
LA100113,APP100113,2026-03-30,ESTABLISHED,18,0.0,0,67537.86,0.0,0.274,0.0,0,1,1.0,T1,CREDIT_HISTORY,1.0
LA100114,APP100114,2026-04-01,ESTABLISHED,9,0.0,0,122052.27,0.0,0.6198,0.0,0,2,2.0,T2,CREDIT_HISTORY,1.0
LA100115,APP100115,2026-09-26,LIMITED_HISTORY,3,30.0,3,21749.1,1640.17,0.4106,0.031,2,1,5.0,T3,LIMITED_HISTORY,1.0
LA100116,APP100116,2024-06-10,ESTABLISHED,24,0.0,0,56648.05,0.0,0.3297,0.0,0,1,1.0,T1,CREDIT_HISTORY,1.0
LA100117,APP100117,2024-06-15,ESTABLISHED,10,0.0,0,92059.34,0.0,0.7163,0.0,0,2,2.0,T2,CREDIT_HISTORY,1.0
LA100118,APP100118,2025-02-07,ESTABLISHED,8,30.0,2,25623.82,1137.92,0.5276,0.0234,2,2,6.0,T4,CREDIT_HISTORY,1.0
LA100119,APP100119,2024-11-11,ESTABLISHED,19,0.0,0,80362.25,0.0,0.707,0.0,0,2,2.0,T2,CREDIT_HISTORY,1.0
LA100120,APP100120,2024-02-17,NO_HISTORY,0,,0,,,,,0,0,,T3,NO_CREDIT_HISTORY,1.0
LA100121,APP100121,2026-06-16,ESTABLISHED,24,15.0,1,37889.09,1336.79,0.3438,0.0121,1,1,3.0,T2,CREDIT_HISTORY,1.0
LA100122,APP100122,2024-06-27,ESTABLISHED,19,65.0,2,68307.49,9510.31,0.9086,0.1265,3,3,9.0,T5,CREDIT_HISTORY,1.0
LA100123,APP100123,2026-06-21,ESTABLISHED,20,21.0,1,41801.27,4223.25,0.4494,0.0454,1,1,4.0,T3,CREDIT_HISTORY,1.0
LA100124,APP100124,2026-03-29,ESTABLISHED,9,0.0,0,183569.26,0.0,0.9767,0.0,0,3,3.0,T2,CREDIT_HISTORY,1.0
LA100125,APP100125,2026-01-16,ESTABLISHED,10,0.0,0,29007.94,0.0,0.6079,0.0,0,2,2.0,T2,CREDIT_HISTORY,1.0
LA100126,APP100126,2024-10-20,LIMITED_HISTORY,1,0.0,0,117764.59,0.0,0.6088,0.0,0,2,2.0,T2,LIMITED_HISTORY,1.0
LA100127,APP100127,2025-01-30,ESTABLISHED,7,0.0,0,82411.25,0.0,0.5161,0.0,0,2,2.0,T2,CREDIT_HISTORY,1.0
LA100128,APP100128,2024-02-27,ESTABLISHED,20,0.0,0,106499.12,0.0,1.023,0.0,0,3,3.0,T2,CREDIT_HISTORY,1.0
LA100129,APP100129,2026-08-24,ESTABLISHED,10,16.0,1,153980.47,3375.64,1.6332,0.0358,1,3,6.0,T4,CREDIT_HISTORY,1.0
LA100130,APP100130,2026-05-19,ESTABLISHED,24,0.0,0,127459.34,0.0,0.5513,0.0,0,2,2.0,T2,CREDIT_HISTORY,1.0
LA100131,APP100131,2026-08-31,ESTABLISHED,20,15.0,1,113736.64,1736.61,0.5024,0.0077,1,2,4.0,T3,CREDIT_HISTORY,1.0
LA100132,APP100132,2025-06-20,ESTABLISHED,20,0.0,0,100414.74,0.0,0.5321,0.0,0,2,2.0,T2,CREDIT_HISTORY,1.0
LA100133,APP100133,2025-07-02,ESTABLISHED,18,0.0,0,49429.71,0.0,0.5378,0.0,0,2,2.0,T2,CREDIT_HISTORY,1.0
LA100134,APP100134,2026-03-22,ESTABLISHED,22,0.0,0,111957.87,0.0,0.6792,0.0,0,2,2.0,T2,CREDIT_HISTORY,1.0
LA100135,APP100135,2024-12-28,ESTABLISHED,17,0.0,0,55145.12,0.0,0.2891,0.0,0,1,1.0,T1,CREDIT_HISTORY,1.0
LA100136,APP100136,2024-09-07,ESTABLISHED,19,0.0,0,21421.85,0.0,0.3564,0.0,0,1,1.0,T1,CREDIT_HISTORY,1.0
LA100137,APP100137,2025-12-16,ESTABLISHED,12,0.0,0,248022.98,0.0,1.3016,0.0,0,3,3.0,T2,CREDIT_HISTORY,1.0
LA100138,APP100138,2024-03-06,LIMITED_HISTORY,3,0.0,0,84881.14,0.0,0.7471,0.0,0,2,2.0,T2,LIMITED_HISTORY,1.0
LA100139,APP100139,2024-03-02,ESTABLISHED,22,0.0,0,21648.86,0.0,0.2469,0.0,0,0,0.0,T1,CREDIT_HISTORY,1.0
LA100140,APP100140,2025-06-09,LIMITED_HISTORY,2,0.0,0,26878.22,0.0,0.3371,0.0,0,1,1.0,T1,LIMITED_HISTORY,1.0
LA100141,APP100141,2024-03-22,NO_HISTORY,0,,0,,,,,0,0,,T3,NO_CREDIT_HISTORY,1.0
LA100142,APP100142,2024-07-03,ESTABLISHED,18,68.0,3,113241.9,6638.52,0.644,0.0378,3,2,7.0,T4,CREDIT_HISTORY,1.0
LA100143,APP100143,2025-01-13,ESTABLISHED,11,0.0,0,202751.58,0.0,1.0923,0.0,0,3,3.0,T2,CREDIT_HISTORY,1.0
LA100144,APP100144,2026-02-10,ESTABLISHED,21,0.0,0,9599.14,0.0,0.2336,0.0,0,0,0.0,T1,CREDIT_HISTORY,1.0
LA100145,APP100145,2024-10-19,ESTABLISHED,23,0.0,0,219338.51,0.0,1.4137,0.0,0,3,3.0,T2,CREDIT_HISTORY,1.0
LA100146,APP100146,2026-11-02,ESTABLISHED,8,0.0,0,136431.14,0.0,1.0055,0.0,0,3,3.0,T2,CREDIT_HISTORY,1.0
LA100147,APP100147,2026-05-18,ESTABLISHED,11,120.0,1,262617.42,43186.64,1.187,0.1952,5,3,11.0,T5,CREDIT_HISTORY,1.0
LA100148,APP100148,2025-07-29,ESTABLISHED,10,0.0,0,93272.61,0.0,1.1419,0.0,0,3,3.0,T2,CREDIT_HISTORY,1.0
LA100149,APP100149,2025-02-08,ESTABLISHED,19,0.0,0,38786.87,0.0,0.975,0.0,0,3,3.0,T2,CREDIT_HISTORY,1.0
LA100150,APP100150,2024-07-31,ESTABLISHED,13,0.0,0,161456.83,0.0,1.0406,0.0,0,3,3.0,T2,CREDIT_HISTORY,1.0
LA100151,APP100151,2025-08-23,ESTABLISHED,16,75.0,4,119245.07,17321.12,0.7427,0.1079,3,2,8.0,T5,CREDIT_HISTORY,1.0
LA100152,APP100152,2024-04-20,ESTABLISHED,7,0.0,0,108577.77,0.0,0.8871,0.0,0,3,3.0,T2,CREDIT_HISTORY,1.0
LA100153,APP100153,2026-09-18,ESTABLISHED,8,123.0,1,43095.25,5647.73,0.4714,0.0618,5,1,9.0,T5,CREDIT_HISTORY,1.0
LA100154,APP100154,2024-11-03,ESTABLISHED,15,15.0,1,120422.5,15044.58,0.6422,0.0802,1,2,6.0,T4,CREDIT_HISTORY,1.0
LA100155,APP100155,2025-05-14,LIMITED_HISTORY,2,15.0,3,87852.5,11244.25,0.4892,0.0626,1,1,5.0,T3,LIMITED_HISTORY,1.0
LA100156,APP100156,2025-10-26,ESTABLISHED,23,0.0,0,79406.5,0.0,0.3844,0.0,0,1,1.0,T1,CREDIT_HISTORY,1.0
LA100157,APP100157,2024-02-28,LIMITED_HISTORY,3,31.0,1,39510.27,5414.29,0.4282,0.0587,2,1,6.0,T4,LIMITED_HISTORY,1.0
LA100158,APP100158,2025-10-30,LIMITED_HISTORY,5,15.0,1,39532.93,4789.55,0.2347,0.0284,1,0,3.0,T2,LIMITED_HISTORY,1.0
LA100159,APP100159,2026-01-22,ESTABLISHED,22,40.0,4,167047.34,14729.19,0.8089,0.0713,2,3,8.0,T5,CREDIT_HISTORY,1.0
LA100160,APP100160,2025-06-20,LIMITED_HISTORY,5,0.0,0,20015.27,0.0,0.3321,0.0,0,1,1.0,T1,LIMITED_HISTORY,1.0
LA100161,APP100161,2024-12-25,ESTABLISHED,10,0.0,0,35710.34,0.0,0.5896,0.0,0,2,2.0,T2,CREDIT_HISTORY,1.0
LA100162,APP100162,2026-10-14,ESTABLISHED,10,0.0,0,42221.28,0.0,0.9233,0.0,0,3,3.0,T2,CREDIT_HISTORY,1.0
LA100163,APP100163,2024-08-27,ESTABLISHED,10,40.0,1,28141.34,2330.24,0.2562,0.0212,2,1,5.0,T3,CREDIT_HISTORY,1.0
LA100164,APP100164,2024-06-22,ESTABLISHED,18,0.0,0,79741.52,0.0,1.4564,0.0,0,3,3.0,T2,CREDIT_HISTORY,1.0
LA100165,APP100165,2026-08-25,LIMITED_HISTORY,5,0.0,0,47676.87,0.0,0.2614,0.0,0,1,1.0,T1,LIMITED_HISTORY,1.0
LA100166,APP100166,2025-02-07,ESTABLISHED,22,0.0,0,86477.57,0.0,0.5977,0.0,0,2,2.0,T2,CREDIT_HISTORY,1.0
LA100167,APP100167,2025-12-09,ESTABLISHED,16,15.0,2,152665.1,6564.08,1.5646,0.0673,1,3,7.0,T4,CREDIT_HISTORY,1.0
LA100168,APP100168,2025-02-10,ESTABLISHED,9,0.0,0,73127.08,0.0,0.7559,0.0,0,3,3.0,T2,CREDIT_HISTORY,1.0
LA100169,APP100169,2026-08-22,ESTABLISHED,23,0.0,0,177015.53,0.0,1.0606,0.0,0,3,3.0,T2,CREDIT_HISTORY,1.0
LA100170,APP100170,2024-08-28,ESTABLISHED,21,0.0,0,148749.65,0.0,0.6748,0.0,0,2,2.0,T2,CREDIT_HISTORY,1.0
LA100171,APP100171,2026-07-03,ESTABLISHED,21,0.0,0,12878.33,0.0,0.1614,0.0,0,0,0.0,T1,CREDIT_HISTORY,1.0
LA100172,APP100172,2024-03-06,ESTABLISHED,18,30.0,1,97762.71,7887.6,0.5135,0.0414,2,2,6.0,T4,CREDIT_HISTORY,1.0
LA100173,APP100173,2025-12-02,ESTABLISHED,8,15.0,4,133723.9,11217.74,1.5835,0.1328,1,3,7.0,T4,CREDIT_HISTORY,1.0
LA100174,APP100174,2025-03-18,ESTABLISHED,19,0.0,0,159315.71,0.0,1.1608,0.0,0,3,3.0,T2,CREDIT_HISTORY,1.0
LA100175,APP100175,2025-06-08,ESTABLISHED,21,0.0,0,12364.21,0.0,0.2871,0.0,0,1,1.0,T1,CREDIT_HISTORY,1.0
LA100176,APP100176,2026-10-07,ESTABLISHED,22,60.0,2,60086.73,5345.47,1.0424,0.0927,3,3,9.0,T5,CREDIT_HISTORY,1.0
LA100177,APP100177,2024-07-27,ESTABLISHED,9,30.0,1,64063.96,9121.8,0.7949,0.1132,2,3,8.0,T5,CREDIT_HISTORY,1.0
LA100178,APP100178,2025-12-05,ESTABLISHED,7,0.0,0,189420.43,0.0,1.4228,0.0,0,3,3.0,T2,CREDIT_HISTORY,1.0
LA100179,APP100179,2026-11-05,ESTABLISHED,20,15.0,1,67111.83,8906.88,0.5867,0.0779,1,2,6.0,T4,CREDIT_HISTORY,1.0
LA100180,APP100180,2025-06-21,ESTABLISHED,20,15.0,2,109162.03,4364.84,0.6259,0.025,1,2,5.0,T3,CREDIT_HISTORY,1.0
LA100181,APP100181,2026-12-10,ESTABLISHED,17,0.0,0,42351.05,0.0,0.6049,0.0,0,2,2.0,T2,CREDIT_HISTORY,1.0
LA100182,APP100182,2024-04-14,LIMITED_HISTORY,4,20.0,2,147624.66,2258.83,0.6993,0.0107,1,2,4.0,T3,LIMITED_HISTORY,1.0
LA100183,APP100183,2026-10-10,LIMITED_HISTORY,3,0.0,0,60441.42,0.0,0.384,0.0,0,1,1.0,T1,LIMITED_HISTORY,1.0
LA100184,APP100184,2024-11-21,ESTABLISHED,19,0.0,0,230850.75,0.0,1.0595,0.0,0,3,3.0,T2,CREDIT_HISTORY,1.0
LA100185,APP100185,2026-07-05,ESTABLISHED,24,0.0,0,33209.55,0.0,0.1733,0.0,0,0,0.0,T1,CREDIT_HISTORY,1.0
LA100186,APP100186,2026-07-10,ESTABLISHED,17,0.0,0,75438.43,0.0,0.7099,0.0,0,2,2.0,T2,CREDIT_HISTORY,1.0
LA100187,APP100187,2024-10-24,ESTABLISHED,23,90.0,1,119633.17,7607.18,1.0922,0.0694,4,3,10.0,T5,CREDIT_HISTORY,1.0
LA100188,APP100188,2024-06-04,ESTABLISHED,22,15.0,1,79624.54,4219.58,0.7181,0.0381,1,2,5.0,T3,CREDIT_HISTORY,1.0
LA100189,APP100189,2026-09-30,ESTABLISHED,16,0.0,0,103473.39,0.0,0.784,0.0,0,3,3.0,T2,CREDIT_HISTORY,1.0
LA100190,APP100190,2026-11-09,ESTABLISHED,20,20.0,1,164649.81,2002.74,0.6995,0.0085,1,2,4.0,T3,CREDIT_HISTORY,1.0
LA100191,APP100191,2024-11-18,ESTABLISHED,6,30.0,3,197931.76,5709.11,0.81,0.0234,2,3,7.0,T4,CREDIT_HISTORY,1.0
LA100192,APP100192,2025-12-31,ESTABLISHED,10,0.0,0,21097.46,0.0,0.3556,0.0,0,1,1.0,T1,CREDIT_HISTORY,1.0
LA100193,APP100193,2024-11-30,ESTABLISHED,7,90.0,1,117852.57,2747.43,0.5645,0.0132,4,2,7.0,T4,CREDIT_HISTORY,1.0
LA100194,APP100194,2026-01-14,ESTABLISHED,16,26.0,1,114539.89,15845.25,0.4763,0.0659,1,1,5.0,T3,CREDIT_HISTORY,1.0
LA100195,APP100195,2024-08-01,ESTABLISHED,21,72.0,1,101064.14,10593.59,0.9648,0.1011,3,3,9.0,T5,CREDIT_HISTORY,1.0
LA100196,APP100196,2026-03-14,ESTABLISHED,15,0.0,0,26242.4,0.0,0.2182,0.0,0,0,0.0,T1,CREDIT_HISTORY,1.0
LA100197,APP100197,2026-09-02,ESTABLISHED,18,90.0,2,125269.88,13174.58,0.6125,0.0644,4,2,9.0,T5,CREDIT_HISTORY,1.0
LA100198,APP100198,2025-05-04,ESTABLISHED,13,0.0,0,182719.94,0.0,1.0664,0.0,0,3,3.0,T2,CREDIT_HISTORY,1.0
LA100199,APP100199,2026-08-27,ESTABLISHED,12,30.0,1,113531.21,16877.25,0.8427,0.1253,2,3,8.0,T5,CREDIT_HISTORY,1.0
LA100200,APP100200,2024-09-30,NO_HISTORY,0,,0,,,,,0,0,,T3,NO_CREDIT_HISTORY,1.0
LA100201,APP100201,2025-03-18,ESTABLISHED,13,0.0,0,185613.59,0.0,2.0883,0.0,0,3,3.0,T2,CREDIT_HISTORY,1.0
LA100202,APP100202,2024-06-12,ESTABLISHED,7,0.0,0,36006.51,0.0,0.8402,0.0,0,3,3.0,T2,CREDIT_HISTORY,1.0
LA100203,APP100203,2024-03-27,ESTABLISHED,15,0.0,0,32068.15,0.0,0.416,0.0,0,1,1.0,T1,CREDIT_HISTORY,1.0
LA100204,APP100204,2026-05-15,ESTABLISHED,12,38.0,1,93805.25,5587.93,0.7434,0.0443,2,2,6.0,T4,CREDIT_HISTORY,1.0
LA100205,APP100205,2025-08-06,ESTABLISHED,8,0.0,0,45115.36,0.0,0.3976,0.0,0,1,1.0,T1,CREDIT_HISTORY,1.0
LA100206,APP100206,2026-06-22,ESTABLISHED,23,30.0,1,126108.48,6828.36,0.8003,0.0433,2,3,7.0,T4,CREDIT_HISTORY,1.0
LA100207,APP100207,2025-09-14,ESTABLISHED,15,33.0,1,13827.17,2084.85,0.379,0.0571,2,1,6.0,T4,CREDIT_HISTORY,1.0
LA100208,APP100208,2026-01-04,ESTABLISHED,6,122.0,1,39780.07,3200.55,0.3635,0.0292,5,1,8.0,T5,CREDIT_HISTORY,1.0
LA100209,APP100209,2025-05-26,ESTABLISHED,14,0.0,0,151651.85,0.0,1.0432,0.0,0,3,3.0,T2,CREDIT_HISTORY,1.0
LA100210,APP100210,2025-07-19,ESTABLISHED,17,0.0,0,39870.73,0.0,0.3423,0.0,0,1,1.0,T1,CREDIT_HISTORY,1.0
LA100211,APP100211,2026-10-25,ESTABLISHED,12,0.0,0,250317.68,0.0,1.2856,0.0,0,3,3.0,T2,CREDIT_HISTORY,1.0
LA100212,APP100212,2024-08-24,ESTABLISHED,11,0.0,0,112217.32,0.0,0.5896,0.0,0,2,2.0,T2,CREDIT_HISTORY,1.0
LA100213,APP100213,2024-11-01,ESTABLISHED,23,0.0,0,169512.7,0.0,0.7087,0.0,0,2,2.0,T2,CREDIT_HISTORY,1.0
LA100214,APP100214,2024-06-05,ESTABLISHED,16,0.0,0,316397.36,0.0,1.3023,0.0,0,3,3.0,T2,CREDIT_HISTORY,1.0
LA100215,APP100215,2026-06-18,ESTABLISHED,13,0.0,0,27457.33,0.0,0.4735,0.0,0,1,1.0,T1,CREDIT_HISTORY,1.0
LA100216,APP100216,2024-03-29,ESTABLISHED,9,90.0,2,54073.32,10962.85,1.1593,0.235,4,3,10.0,T5,CREDIT_HISTORY,1.0
LA100217,APP100217,2025-01-17,ESTABLISHED,10,0.0,0,290210.16,0.0,1.3,0.0,0,3,3.0,T2,CREDIT_HISTORY,1.0
LA100218,APP100218,2026-03-08,LIMITED_HISTORY,1,0.0,0,51108.72,0.0,0.3782,0.0,0,1,1.0,T1,LIMITED_HISTORY,1.0
LA100219,APP100219,2024-02-01,ESTABLISHED,9,0.0,0,34364.28,0.0,0.2955,0.0,0,1,1.0,T1,CREDIT_HISTORY,1.0
LA100220,APP100220,2026-12-10,ESTABLISHED,7,0.0,0,229966.59,0.0,1.3369,0.0,0,3,3.0,T2,CREDIT_HISTORY,1.0
LA100221,APP100221,2025-06-16,ESTABLISHED,12,0.0,0,216262.35,0.0,1.4127,0.0,0,3,3.0,T2,CREDIT_HISTORY,1.0
LA100222,APP100222,2025-03-28,LIMITED_HISTORY,5,0.0,0,40544.59,0.0,0.2508,0.0,0,1,1.0,T1,LIMITED_HISTORY,1.0
LA100223,APP100223,2024-07-28,ESTABLISHED,7,35.0,1,143783.22,3771.11,0.8307,0.0218,2,3,7.0,T4,CREDIT_HISTORY,1.0
LA100224,APP100224,2026-05-01,ESTABLISHED,14,15.0,7,270680.56,34688.62,1.5536,0.1991,1,3,7.0,T4,CREDIT_HISTORY,1.0
LA100225,APP100225,2026-07-31,ESTABLISHED,19,36.0,1,68118.79,6334.63,1.0031,0.0933,2,3,8.0,T5,CREDIT_HISTORY,1.0
LA100226,APP100226,2026-07-02,ESTABLISHED,21,0.0,0,143451.48,0.0,0.7296,0.0,0,2,2.0,T2,CREDIT_HISTORY,1.0
LA100227,APP100227,2026-06-13,ESTABLISHED,24,60.0,1,49023.69,2212.06,0.7568,0.0341,3,3,8.0,T5,CREDIT_HISTORY,1.0
LA100228,APP100228,2025-01-14,ESTABLISHED,17,30.0,7,93636.42,11390.83,0.821,0.0999,2,3,8.0,T5,CREDIT_HISTORY,1.0
LA100229,APP100229,2024-10-17,ESTABLISHED,19,0.0,0,59063.81,0.0,0.7205,0.0,0,2,2.0,T2,CREDIT_HISTORY,1.0
LA100230,APP100230,2026-05-15,ESTABLISHED,9,0.0,0,137553.78,0.0,0.7486,0.0,0,2,2.0,T2,CREDIT_HISTORY,1.0
LA100231,APP100231,2026-11-01,ESTABLISHED,12,60.0,2,89482.57,13783.31,0.9723,0.1498,3,3,9.0,T5,CREDIT_HISTORY,1.0
LA100232,APP100232,2025-11-02,ESTABLISHED,24,15.0,1,252554.15,18609.0,1.5472,0.114,1,3,7.0,T4,CREDIT_HISTORY,1.0
LA100233,APP100233,2026-06-18,ESTABLISHED,15,0.0,0,66019.56,0.0,0.3578,0.0,0,1,1.0,T1,CREDIT_HISTORY,1.0
LA100234,APP100234,2024-05-02,ESTABLISHED,21,61.0,1,82077.44,10328.31,0.5953,0.0749,3,2,8.0,T5,CREDIT_HISTORY,1.0
LA100235,APP100235,2026-07-01,ESTABLISHED,19,0.0,0,37315.7,0.0,0.5101,0.0,0,2,2.0,T2,CREDIT_HISTORY,1.0
LA100236,APP100236,2026-02-16,ESTABLISHED,13,30.0,4,95719.7,7336.64,0.8285,0.0635,2,3,8.0,T5,CREDIT_HISTORY,1.0
LA100237,APP100237,2026-03-02,ESTABLISHED,8,0.0,0,179957.63,0.0,1.1021,0.0,0,3,3.0,T2,CREDIT_HISTORY,1.0
LA100238,APP100238,2026-01-29,ESTABLISHED,23,15.0,1,130663.26,15655.51,0.5802,0.0695,1,2,6.0,T4,CREDIT_HISTORY,1.0
LA100239,APP100239,2025-09-07,ESTABLISHED,9,0.0,0,43963.35,0.0,0.8138,0.0,0,3,3.0,T2,CREDIT_HISTORY,1.0
LA100240,APP100240,2026-10-07,ESTABLISHED,11,0.0,0,50976.65,0.0,0.3993,0.0,0,1,1.0,T1,CREDIT_HISTORY,1.0
LA100241,APP100241,2025-04-19,ESTABLISHED,13,0.0,0,119597.55,0.0,0.6709,0.0,0,2,2.0,T2,CREDIT_HISTORY,1.0
LA100242,APP100242,2024-07-18,ESTABLISHED,20,0.0,0,79440.7,0.0,0.3486,0.0,0,1,1.0,T1,CREDIT_HISTORY,1.0
LA100243,APP100243,2026-10-16,ESTABLISHED,16,0.0,0,179609.53,0.0,0.76,0.0,0,3,3.0,T2,CREDIT_HISTORY,1.0
LA100244,APP100244,2026-10-27,ESTABLISHED,12,30.0,4,298695.35,15612.48,1.6611,0.0868,2,3,8.0,T5,CREDIT_HISTORY,1.0
LA100245,APP100245,2025-09-08,ESTABLISHED,23,15.0,1,60415.08,7612.16,0.4825,0.0608,1,1,5.0,T3,CREDIT_HISTORY,1.0
LA100246,APP100246,2026-12-13,ESTABLISHED,23,0.0,0,82181.64,0.0,0.7455,0.0,0,2,2.0,T2,CREDIT_HISTORY,1.0
LA100247,APP100247,2025-07-20,ESTABLISHED,11,15.0,2,189512.52,18454.32,1.6111,0.1569,1,3,7.0,T4,CREDIT_HISTORY,1.0
LA100248,APP100248,2024-06-06,NO_HISTORY,0,,0,,,,,0,0,,T3,NO_CREDIT_HISTORY,1.0
LA100249,APP100249,2025-09-24,ESTABLISHED,20,30.0,4,268292.1,20056.52,1.1937,0.0892,2,3,8.0,T5,CREDIT_HISTORY,1.0
LA100250,APP100250,2025-02-07,ESTABLISHED,15,0.0,0,87771.4,0.0,0.3928,0.0,0,1,1.0,T1,CREDIT_HISTORY,1.0
LA100251,APP100251,2025-03-14,LIMITED_HISTORY,4,0.0,0,67285.85,0.0,0.6334,0.0,0,2,2.0,T2,LIMITED_HISTORY,1.0
LA100252,APP100252,2025-08-27,LIMITED_HISTORY,1,40.0,1,159673.63,9951.72,0.8122,0.0506,2,3,8.0,T5,LIMITED_HISTORY,1.0
LA100253,APP100253,2024-06-02,LIMITED_HISTORY,3,0.0,0,53573.01,0.0,0.2728,0.0,0,1,1.0,T1,LIMITED_HISTORY,1.0
LA100254,APP100254,2026-10-29,ESTABLISHED,23,0.0,0,74420.3,0.0,1.0427,0.0,0,3,3.0,T2,CREDIT_HISTORY,1.0
LA100255,APP100255,2026-09-12,ESTABLISHED,13,0.0,0,120865.23,0.0,0.615,0.0,0,2,2.0,T2,CREDIT_HISTORY,1.0
LA100256,APP100256,2026-09-28,ESTABLISHED,11,0.0,0,261831.73,0.0,1.4126,0.0,0,3,3.0,T2,CREDIT_HISTORY,1.0
LA100257,APP100257,2026-03-14,ESTABLISHED,11,60.0,7,40172.83,6999.73,0.8292,0.1445,3,3,9.0,T5,CREDIT_HISTORY,1.0
LA100258,APP100258,2025-06-15,ESTABLISHED,6,104.0,4,35912.52,1567.09,1.0153,0.0443,4,3,9.0,T5,CREDIT_HISTORY,1.0
LA100259,APP100259,2026-11-20,ESTABLISHED,19,0.0,0,26363.13,0.0,0.4166,0.0,0,1,1.0,T1,CREDIT_HISTORY,1.0
LA100260,APP100260,2025-09-06,ESTABLISHED,6,34.0,2,146837.28,22061.33,0.7452,0.112,2,2,7.0,T4,CREDIT_HISTORY,1.0
LA100261,APP100261,2024-03-02,ESTABLISHED,14,0.0,0,22498.53,0.0,0.2337,0.0,0,0,0.0,T1,CREDIT_HISTORY,1.0
LA100262,APP100262,2025-09-08,ESTABLISHED,17,0.0,0,93566.14,0.0,0.8062,0.0,0,3,3.0,T2,CREDIT_HISTORY,1.0
LA100263,APP100263,2025-03-10,ESTABLISHED,10,0.0,0,76665.5,0.0,0.322,0.0,0,1,1.0,T1,CREDIT_HISTORY,1.0
LA100264,APP100264,2024-04-19,ESTABLISHED,13,0.0,0,76203.64,0.0,1.3223,0.0,0,3,3.0,T2,CREDIT_HISTORY,1.0
LA100265,APP100265,2026-06-03,ESTABLISHED,21,24.0,1,217585.22,23799.83,1.0455,0.1144,1,3,7.0,T4,CREDIT_HISTORY,1.0
LA100266,APP100266,2026-06-06,ESTABLISHED,14,0.0,0,80998.97,0.0,1.1754,0.0,0,3,3.0,T2,CREDIT_HISTORY,1.0
LA100267,APP100267,2025-05-07,ESTABLISHED,7,15.0,3,294645.34,25071.52,1.2322,0.1048,1,3,7.0,T4,CREDIT_HISTORY,1.0
LA100268,APP100268,2026-09-23,ESTABLISHED,8,0.0,0,26188.27,0.0,0.2169,0.0,0,0,0.0,T1,CREDIT_HISTORY,1.0
LA100269,APP100269,2024-08-13,ESTABLISHED,12,90.0,1,39644.14,6053.35,0.3451,0.0527,4,1,8.0,T5,CREDIT_HISTORY,1.0
LA100270,APP100270,2026-07-10,ESTABLISHED,20,62.0,1,70845.26,9548.28,0.6517,0.0878,3,2,8.0,T5,CREDIT_HISTORY,1.0
LA100271,APP100271,2024-05-14,LIMITED_HISTORY,1,30.0,1,105611.2,3020.1,0.8472,0.0242,2,3,7.0,T4,LIMITED_HISTORY,1.0
LA100272,APP100272,2025-11-24,NO_HISTORY,0,,0,,,,,0,0,,T3,NO_CREDIT_HISTORY,1.0
LA100273,APP100273,2024-01-01,ESTABLISHED,15,0.0,0,54718.27,0.0,0.6012,0.0,0,2,2.0,T2,CREDIT_HISTORY,1.0
LA100274,APP100274,2025-03-05,ESTABLISHED,6,0.0,0,65319.78,0.0,0.6334,0.0,0,2,2.0,T2,CREDIT_HISTORY,1.0
LA100275,APP100275,2026-11-20,ESTABLISHED,23,0.0,0,42594.07,0.0,0.9352,0.0,0,3,3.0,T2,CREDIT_HISTORY,1.0
LA100276,APP100276,2024-07-20,ESTABLISHED,11,0.0,0,17587.45,0.0,0.3231,0.0,0,1,1.0,T1,CREDIT_HISTORY,1.0
LA100277,APP100277,2024-08-29,NO_HISTORY,0,,0,,,,,0,0,,T3,NO_CREDIT_HISTORY,1.0
LA100278,APP100278,2026-06-30,ESTABLISHED,9,63.0,2,77172.12,4198.99,0.5818,0.0317,3,2,7.0,T4,CREDIT_HISTORY,1.0
LA100279,APP100279,2025-06-13,ESTABLISHED,13,0.0,0,32343.01,0.0,0.7487,0.0,0,2,2.0,T2,CREDIT_HISTORY,1.0
LA100280,APP100280,2026-01-24,NO_HISTORY,0,,0,,,,,0,0,,T3,NO_CREDIT_HISTORY,1.0
LA100281,APP100281,2026-10-15,ESTABLISHED,8,0.0,0,16546.66,0.0,0.1663,0.0,0,0,0.0,T1,CREDIT_HISTORY,1.0
LA100282,APP100282,2026-12-26,ESTABLISHED,14,33.0,1,43606.96,2920.36,0.4482,0.03,2,1,5.0,T3,CREDIT_HISTORY,1.0
LA100283,APP100283,2025-01-23,ESTABLISHED,10,0.0,0,302758.24,0.0,1.2155,0.0,0,3,3.0,T2,CREDIT_HISTORY,1.0
LA100284,APP100284,2025-02-11,ESTABLISHED,6,0.0,0,75697.77,0.0,1.12,0.0,0,3,3.0,T2,CREDIT_HISTORY,1.0
LA100285,APP100285,2025-09-16,ESTABLISHED,9,0.0,0,113643.24,0.0,0.867,0.0,0,3,3.0,T2,CREDIT_HISTORY,1.0
LA100286,APP100286,2026-07-07,ESTABLISHED,11,0.0,0,46663.92,0.0,0.612,0.0,0,2,2.0,T2,CREDIT_HISTORY,1.0
LA100287,APP100287,2024-02-18,LIMITED_HISTORY,2,93.0,1,8650.19,1740.45,0.2466,0.0496,4,0,6.0,T4,LIMITED_HISTORY,1.0
LA100288,APP100288,2026-06-13,ESTABLISHED,7,0.0,0,23887.98,0.0,0.4874,0.0,0,1,1.0,T1,CREDIT_HISTORY,1.0
LA100289,APP100289,2024-05-27,ESTABLISHED,19,0.0,0,492505.88,0.0,2.1032,0.0,0,3,3.0,T2,CREDIT_HISTORY,1.0
LA100290,APP100290,2025-06-04,ESTABLISHED,7,15.0,2,251031.04,14337.39,1.5636,0.0893,1,3,7.0,T4,CREDIT_HISTORY,1.0
LA100291,APP100291,2026-04-07,ESTABLISHED,12,0.0,0,66222.91,0.0,0.6158,0.0,0,2,2.0,T2,CREDIT_HISTORY,1.0
LA100292,APP100292,2026-06-21,LIMITED_HISTORY,2,18.0,1,129952.47,3549.78,0.9784,0.0267,1,3,6.0,T4,LIMITED_HISTORY,1.0
LA100293,APP100293,2024-08-11,ESTABLISHED,14,0.0,0,142087.67,0.0,1.6117,0.0,0,3,3.0,T2,CREDIT_HISTORY,1.0
LA100294,APP100294,2025-11-28,ESTABLISHED,23,15.0,1,78657.69,3969.15,0.487,0.0246,1,1,4.0,T3,CREDIT_HISTORY,1.0
LA100295,APP100295,2024-05-19,ESTABLISHED,9,0.0,0,132290.21,0.0,0.7104,0.0,0,2,2.0,T2,CREDIT_HISTORY,1.0
LA100296,APP100296,2024-04-21,ESTABLISHED,21,0.0,0,55881.16,0.0,0.3171,0.0,0,1,1.0,T1,CREDIT_HISTORY,1.0
LA100297,APP100297,2025-03-26,ESTABLISHED,22,0.0,0,81231.06,0.0,0.4696,0.0,0,1,1.0,T1,CREDIT_HISTORY,1.0
LA100298,APP100298,2026-06-21,ESTABLISHED,23,0.0,0,255581.84,0.0,1.8568,0.0,0,3,3.0,T2,CREDIT_HISTORY,1.0
LA100299,APP100299,2025-09-14,ESTABLISHED,22,0.0,0,89232.83,0.0,0.4418,0.0,0,1,1.0,T1,CREDIT_HISTORY,1.0
LA100300,APP100300,2026-03-26,LIMITED_HISTORY,2,0.0,0,39806.17,0.0,0.2907,0.0,0,1,1.0,T1,LIMITED_HISTORY,1.0
LA100301,APP100301,2024-05-18,ESTABLISHED,14,0.0,0,101557.24,0.0,0.4111,0.0,0,1,1.0,T1,CREDIT_HISTORY,1.0
LA100302,APP100302,2025-11-03,ESTABLISHED,19,0.0,0,105779.21,0.0,0.6196,0.0,0,2,2.0,T2,CREDIT_HISTORY,1.0
LA100303,APP100303,2026-01-26,ESTABLISHED,21,17.0,4,85149.16,11337.12,0.7486,0.0997,1,2,6.0,T4,CREDIT_HISTORY,1.0
LA100304,APP100304,2024-06-12,LIMITED_HISTORY,3,15.0,1,46316.53,4328.16,0.2047,0.0191,1,0,2.0,T2,LIMITED_HISTORY,1.0
LA100305,APP100305,2026-11-11,ESTABLISHED,11,0.0,0,96564.29,0.0,1.3267,0.0,0,3,3.0,T2,CREDIT_HISTORY,1.0
LA100306,APP100306,2026-02-02,ESTABLISHED,16,0.0,0,210810.86,0.0,0.8815,0.0,0,3,3.0,T2,CREDIT_HISTORY,1.0
LA100307,APP100307,2024-01-27,ESTABLISHED,7,16.0,1,167942.53,9829.03,0.7934,0.0464,1,3,6.0,T4,CREDIT_HISTORY,1.0
LA100308,APP100308,2025-11-25,LIMITED_HISTORY,1,68.0,3,203616.0,24648.76,0.82,0.0993,3,3,9.0,T5,LIMITED_HISTORY,1.0
LA100309,APP100309,2024-12-07,ESTABLISHED,9,0.0,0,108967.36,0.0,0.6809,0.0,0,2,2.0,T2,CREDIT_HISTORY,1.0
LA100310,APP100310,2025-08-10,ESTABLISHED,7,0.0,0,154750.44,0.0,0.6492,0.0,0,2,2.0,T2,CREDIT_HISTORY,1.0
LA100311,APP100311,2024-04-20,LIMITED_HISTORY,5,0.0,0,21721.3,0.0,0.2674,0.0,0,1,1.0,T1,LIMITED_HISTORY,1.0
LA100312,APP100312,2026-08-25,ESTABLISHED,19,0.0,0,200539.24,0.0,1.18,0.0,0,3,3.0,T2,CREDIT_HISTORY,1.0
LA100313,APP100313,2025-05-10,ESTABLISHED,6,0.0,0,106358.93,0.0,0.992,0.0,0,3,3.0,T2,CREDIT_HISTORY,1.0
LA100314,APP100314,2024-04-22,ESTABLISHED,6,0.0,0,85017.55,0.0,0.4496,0.0,0,1,1.0,T1,CREDIT_HISTORY,1.0
LA100315,APP100315,2024-07-24,ESTABLISHED,10,0.0,0,159599.86,0.0,0.9437,0.0,0,3,3.0,T2,CREDIT_HISTORY,1.0
LA100316,APP100316,2026-05-12,ESTABLISHED,24,66.0,3,98329.79,14186.95,1.1418,0.1647,3,3,9.0,T5,CREDIT_HISTORY,1.0
LA100317,APP100317,2026-01-30,ESTABLISHED,16,62.0,2,75133.44,4384.18,0.8287,0.0484,3,3,8.0,T5,CREDIT_HISTORY,1.0
LA100318,APP100318,2024-06-15,ESTABLISHED,9,0.0,0,49573.82,0.0,0.6262,0.0,0,2,2.0,T2,CREDIT_HISTORY,1.0
LA100319,APP100319,2026-06-18,ESTABLISHED,14,0.0,0,143845.83,0.0,0.8375,0.0,0,3,3.0,T2,CREDIT_HISTORY,1.0
LA100320,APP100320,2024-11-17,ESTABLISHED,20,18.0,1,39538.27,3752.57,0.5239,0.0497,1,2,5.0,T3,CREDIT_HISTORY,1.0
LA100321,APP100321,2025-06-26,ESTABLISHED,13,0.0,0,181341.82,0.0,1.145,0.0,0,3,3.0,T2,CREDIT_HISTORY,1.0
LA100322,APP100322,2024-01-05,ESTABLISHED,13,0.0,0,201115.0,0.0,1.0516,0.0,0,3,3.0,T2,CREDIT_HISTORY,1.0
LA100323,APP100323,2026-10-19,LIMITED_HISTORY,5,0.0,0,22485.1,0.0,0.1412,0.0,0,0,0.0,T1,LIMITED_HISTORY,1.0
LA100324,APP100324,2025-09-15,ESTABLISHED,10,0.0,0,65824.37,0.0,1.0641,0.0,0,3,3.0,T2,CREDIT_HISTORY,1.0
LA100325,APP100325,2025-05-25,ESTABLISHED,16,0.0,0,25732.94,0.0,0.4065,0.0,0,1,1.0,T1,CREDIT_HISTORY,1.0
LA100326,APP100326,2026-04-01,LIMITED_HISTORY,4,0.0,0,6025.25,0.0,0.1705,0.0,0,0,0.0,T1,LIMITED_HISTORY,1.0
LA100327,APP100327,2025-04-11,ESTABLISHED,24,30.0,3,106655.53,6765.05,1.2922,0.082,2,3,8.0,T5,CREDIT_HISTORY,1.0
LA100328,APP100328,2026-04-01,ESTABLISHED,16,0.0,0,188437.57,0.0,1.1944,0.0,0,3,3.0,T2,CREDIT_HISTORY,1.0
LA100329,APP100329,2025-02-10,LIMITED_HISTORY,5,15.0,5,23300.64,2996.41,0.3077,0.0396,1,1,4.0,T3,LIMITED_HISTORY,1.0
LA100330,APP100330,2024-05-10,LIMITED_HISTORY,3,0.0,0,66503.9,0.0,0.4263,0.0,0,1,1.0,T1,LIMITED_HISTORY,1.0
LA100331,APP100331,2026-12-04,LIMITED_HISTORY,3,0.0,0,128829.36,0.0,0.6318,0.0,0,2,2.0,T2,LIMITED_HISTORY,1.0
LA100332,APP100332,2024-04-04,LIMITED_HISTORY,3,0.0,0,22833.36,0.0,0.3122,0.0,0,1,1.0,T1,LIMITED_HISTORY,1.0
LA100333,APP100333,2024-10-28,ESTABLISHED,7,62.0,2,93234.96,10239.84,1.3921,0.1529,3,3,9.0,T5,CREDIT_HISTORY,1.0
LA100334,APP100334,2026-03-21,ESTABLISHED,22,0.0,0,132926.89,0.0,0.7343,0.0,0,2,2.0,T2,CREDIT_HISTORY,1.0
LA100335,APP100335,2024-04-07,ESTABLISHED,12,0.0,0,47000.64,0.0,0.82,0.0,0,3,3.0,T2,CREDIT_HISTORY,1.0
LA100336,APP100336,2026-01-11,ESTABLISHED,23,32.0,1,84955.56,6858.17,1.0753,0.0868,2,3,8.0,T5,CREDIT_HISTORY,1.0
LA100337,APP100337,2025-10-02,LIMITED_HISTORY,3,0.0,0,48250.81,0.0,0.248,0.0,0,0,0.0,T1,LIMITED_HISTORY,1.0
LA100338,APP100338,2026-12-16,ESTABLISHED,8,0.0,0,54357.09,0.0,0.7412,0.0,0,2,2.0,T2,CREDIT_HISTORY,1.0
LA100339,APP100339,2026-12-17,ESTABLISHED,20,0.0,0,59393.43,0.0,0.5292,0.0,0,2,2.0,T2,CREDIT_HISTORY,1.0
LA100340,APP100340,2026-12-30,ESTABLISHED,18,0.0,0,144240.38,0.0,0.7577,0.0,0,3,3.0,T2,CREDIT_HISTORY,1.0
LA100341,APP100341,2024-01-07,ESTABLISHED,23,0.0,0,50685.59,0.0,0.5189,0.0,0,2,2.0,T2,CREDIT_HISTORY,1.0
LA100342,APP100342,2025-03-22,ESTABLISHED,12,0.0,0,182229.17,0.0,0.7355,0.0,0,2,2.0,T2,CREDIT_HISTORY,1.0
LA100343,APP100343,2024-08-12,ESTABLISHED,14,0.0,0,110330.05,0.0,1.1088,0.0,0,3,3.0,T2,CREDIT_HISTORY,1.0
LA100344,APP100344,2026-11-21,ESTABLISHED,14,0.0,0,29841.34,0.0,0.6013,0.0,0,2,2.0,T2,CREDIT_HISTORY,1.0
LA100345,APP100345,2026-07-01,ESTABLISHED,11,30.0,5,62383.21,1770.73,0.5109,0.0145,2,2,5.0,T3,CREDIT_HISTORY,1.0
LA100346,APP100346,2026-07-15,ESTABLISHED,23,0.0,0,100564.73,0.0,0.4917,0.0,0,1,1.0,T1,CREDIT_HISTORY,1.0
LA100347,APP100347,2024-03-18,ESTABLISHED,18,0.0,0,176201.82,0.0,1.6763,0.0,0,3,3.0,T2,CREDIT_HISTORY,1.0
LA100348,APP100348,2026-03-22,ESTABLISHED,24,0.0,0,61510.54,0.0,0.8249,0.0,0,3,3.0,T2,CREDIT_HISTORY,1.0
LA100349,APP100349,2025-01-26,ESTABLISHED,10,30.0,3,109488.09,4566.18,1.1,0.0459,2,3,7.0,T4,CREDIT_HISTORY,1.0
LA100350,APP100350,2024-09-20,ESTABLISHED,18,19.0,1,149815.19,5650.14,0.9,0.0339,1,3,6.0,T4,CREDIT_HISTORY,1.0
LA100351,APP100351,2024-06-16,ESTABLISHED,6,60.0,1,53187.66,6185.22,0.6544,0.0761,3,2,8.0,T5,CREDIT_HISTORY,1.0
LA100352,APP100352,2026-09-04,NO_HISTORY,0,,0,,,,,0,0,,T3,NO_CREDIT_HISTORY,1.0
LA100353,APP100353,2026-07-10,ESTABLISHED,6,46.0,1,16891.98,2680.78,0.4109,0.0652,2,1,6.0,T4,CREDIT_HISTORY,1.0
LA100354,APP100354,2025-02-15,ESTABLISHED,10,0.0,0,100244.4,0.0,0.9369,0.0,0,3,3.0,T2,CREDIT_HISTORY,1.0
LA100355,APP100355,2025-12-23,ESTABLISHED,11,0.0,0,119086.6,0.0,0.8233,0.0,0,3,3.0,T2,CREDIT_HISTORY,1.0
LA100356,APP100356,2024-08-29,ESTABLISHED,13,0.0,0,90952.33,0.0,0.465,0.0,0,1,1.0,T1,CREDIT_HISTORY,1.0
LA100357,APP100357,2026-04-20,ESTABLISHED,12,120.0,3,182637.62,7698.43,0.9357,0.0394,5,3,10.0,T5,CREDIT_HISTORY,1.0
LA100358,APP100358,2026-07-14,ESTABLISHED,24,0.0,0,87828.93,0.0,1.3078,0.0,0,3,3.0,T2,CREDIT_HISTORY,1.0
LA100359,APP100359,2024-06-24,LIMITED_HISTORY,4,0.0,0,58888.47,0.0,0.4136,0.0,0,1,1.0,T1,LIMITED_HISTORY,1.0
LA100360,APP100360,2024-06-16,ESTABLISHED,6,0.0,0,181791.24,0.0,0.7873,0.0,0,3,3.0,T2,CREDIT_HISTORY,1.0
LA100361,APP100361,2025-02-13,NO_HISTORY,0,,0,,,,,0,0,,T3,NO_CREDIT_HISTORY,1.0
LA100362,APP100362,2026-05-31,ESTABLISHED,19,0.0,0,201206.92,0.0,0.8781,0.0,0,3,3.0,T2,CREDIT_HISTORY,1.0
LA100363,APP100363,2024-11-10,ESTABLISHED,7,0.0,0,57384.68,0.0,0.3777,0.0,0,1,1.0,T1,CREDIT_HISTORY,1.0
LA100364,APP100364,2024-06-15,ESTABLISHED,6,91.0,1,18555.19,2197.35,0.1716,0.0203,4,0,6.0,T4,CREDIT_HISTORY,1.0
LA100365,APP100365,2026-03-08,ESTABLISHED,6,0.0,0,116813.34,0.0,0.5703,0.0,0,2,2.0,T2,CREDIT_HISTORY,1.0
LA100366,APP100366,2024-06-10,ESTABLISHED,17,0.0,0,72680.57,0.0,0.4625,0.0,0,1,1.0,T1,CREDIT_HISTORY,1.0
LA100367,APP100367,2024-01-25,ESTABLISHED,9,30.0,1,73188.92,9429.77,1.1245,0.1449,2,3,8.0,T5,CREDIT_HISTORY,1.0
LA100368,APP100368,2025-03-11,ESTABLISHED,19,0.0,0,85620.04,0.0,0.4667,0.0,0,1,1.0,T1,CREDIT_HISTORY,1.0
LA100369,APP100369,2026-09-30,ESTABLISHED,6,103.0,1,97778.91,14519.93,1.4638,0.2174,4,3,10.0,T5,CREDIT_HISTORY,1.0
LA100370,APP100370,2025-04-07,ESTABLISHED,13,0.0,0,33922.16,0.0,0.3324,0.0,0,1,1.0,T1,CREDIT_HISTORY,1.0
LA100371,APP100371,2025-04-17,ESTABLISHED,23,0.0,0,41441.37,0.0,0.5223,0.0,0,2,2.0,T2,CREDIT_HISTORY,1.0
LA100372,APP100372,2026-09-27,ESTABLISHED,20,0.0,0,90159.83,0.0,0.3841,0.0,0,1,1.0,T1,CREDIT_HISTORY,1.0
LA100373,APP100373,2025-12-30,LIMITED_HISTORY,3,0.0,0,46604.12,0.0,0.308,0.0,0,1,1.0,T1,LIMITED_HISTORY,1.0
LA100374,APP100374,2025-07-15,LIMITED_HISTORY,4,30.0,3,62778.29,1345.85,0.3356,0.0072,2,1,4.0,T3,LIMITED_HISTORY,1.0
LA100375,APP100375,2024-01-05,ESTABLISHED,14,30.0,2,276262.3,32512.11,1.3504,0.1589,2,3,8.0,T5,CREDIT_HISTORY,1.0
LA100376,APP100376,2024-07-02,ESTABLISHED,14,32.0,1,139903.2,10197.9,0.6114,0.0446,2,2,6.0,T4,CREDIT_HISTORY,1.0
LA100377,APP100377,2024-06-23,ESTABLISHED,13,0.0,0,184848.37,0.0,1.4524,0.0,0,3,3.0,T2,CREDIT_HISTORY,1.0
LA100378,APP100378,2025-02-24,ESTABLISHED,11,32.0,2,211598.45,3471.17,1.2556,0.0206,2,3,7.0,T4,CREDIT_HISTORY,1.0
LA100379,APP100379,2024-03-12,ESTABLISHED,17,15.0,2,125510.95,2705.1,1.4239,0.0307,1,3,6.0,T4,CREDIT_HISTORY,1.0
LA100380,APP100380,2026-02-05,NO_HISTORY,0,,0,,,,,0,0,,T3,NO_CREDIT_HISTORY,1.0
LA100381,APP100381,2026-05-10,ESTABLISHED,23,120.0,1,200310.37,5821.64,1.0445,0.0304,5,3,10.0,T5,CREDIT_HISTORY,1.0
LA100382,APP100382,2024-05-13,ESTABLISHED,13,0.0,0,35637.48,0.0,0.3636,0.0,0,1,1.0,T1,CREDIT_HISTORY,1.0
LA100383,APP100383,2025-09-11,ESTABLISHED,11,90.0,1,40004.55,1825.95,0.6706,0.0306,4,2,8.0,T5,CREDIT_HISTORY,1.0
LA100384,APP100384,2026-03-04,LIMITED_HISTORY,5,0.0,0,51162.83,0.0,0.4972,0.0,0,1,1.0,T1,LIMITED_HISTORY,1.0
LA100385,APP100385,2026-10-13,ESTABLISHED,22,94.0,1,164982.42,28712.87,1.2779,0.2224,4,3,10.0,T5,CREDIT_HISTORY,1.0
LA100386,APP100386,2026-11-26,ESTABLISHED,23,68.0,4,82333.05,4520.23,1.1514,0.0632,3,3,9.0,T5,CREDIT_HISTORY,1.0
LA100387,APP100387,2025-08-07,ESTABLISHED,24,0.0,0,100087.33,0.0,0.7672,0.0,0,3,3.0,T2,CREDIT_HISTORY,1.0
LA100388,APP100388,2026-09-11,ESTABLISHED,6,0.0,0,44582.07,0.0,0.4277,0.0,0,1,1.0,T1,CREDIT_HISTORY,1.0
LA100389,APP100389,2024-06-04,NO_HISTORY,0,,0,,,,,0,0,,T3,NO_CREDIT_HISTORY,1.0
LA100390,APP100390,2026-06-29,ESTABLISHED,20,32.0,1,217617.79,10243.68,0.959,0.0451,2,3,7.0,T4,CREDIT_HISTORY,1.0
LA100391,APP100391,2024-09-02,ESTABLISHED,14,0.0,0,103640.08,0.0,0.6526,0.0,0,2,2.0,T2,CREDIT_HISTORY,1.0
LA100392,APP100392,2024-11-30,ESTABLISHED,14,0.0,0,64189.36,0.0,0.2679,0.0,0,1,1.0,T1,CREDIT_HISTORY,1.0
LA100393,APP100393,2024-05-29,ESTABLISHED,8,0.0,0,96355.9,0.0,0.628,0.0,0,2,2.0,T2,CREDIT_HISTORY,1.0
LA100394,APP100394,2024-01-03,ESTABLISHED,19,0.0,0,79512.81,0.0,0.3893,0.0,0,1,1.0,T1,CREDIT_HISTORY,1.0
LA100395,APP100395,2026-09-02,ESTABLISHED,18,0.0,0,186079.8,0.0,0.7929,0.0,0,3,3.0,T2,CREDIT_HISTORY,1.0
LA100396,APP100396,2024-01-06,ESTABLISHED,13,0.0,0,38475.45,0.0,0.6446,0.0,0,2,2.0,T2,CREDIT_HISTORY,1.0
LA100397,APP100397,2024-09-29,ESTABLISHED,7,0.0,0,87990.7,0.0,0.4717,0.0,0,1,1.0,T1,CREDIT_HISTORY,1.0
LA100398,APP100398,2025-11-02,ESTABLISHED,6,0.0,0,109578.79,0.0,0.4814,0.0,0,1,1.0,T1,CREDIT_HISTORY,1.0
LA100399,APP100399,2026-07-18,ESTABLISHED,15,20.0,1,55184.13,2936.57,0.7905,0.0421,1,3,6.0,T4,CREDIT_HISTORY,1.0
LA100400,APP100400,2026-11-17,LIMITED_HISTORY,4,15.0,3,82853.85,5321.92,0.735,0.0472,1,2,5.0,T3,LIMITED_HISTORY,1.0
LA100401,APP100401,2025-06-10,ESTABLISHED,12,61.0,1,98800.69,8670.75,0.8015,0.0703,3,3,9.0,T5,CREDIT_HISTORY,1.0
LA100402,APP100402,2026-01-11,ESTABLISHED,13,0.0,0,70970.75,0.0,0.4363,0.0,0,1,1.0,T1,CREDIT_HISTORY,1.0
LA100403,APP100403,2026-01-06,ESTABLISHED,13,0.0,0,258169.28,0.0,1.2185,0.0,0,3,3.0,T2,CREDIT_HISTORY,1.0
LA100404,APP100404,2026-01-27,LIMITED_HISTORY,1,0.0,0,28202.8,0.0,0.2616,0.0,0,1,1.0,T1,LIMITED_HISTORY,1.0
LA100405,APP100405,2025-08-10,LIMITED_HISTORY,5,60.0,3,40681.02,3990.23,0.955,0.0937,3,3,9.0,T5,LIMITED_HISTORY,1.0
LA100406,APP100406,2024-04-27,ESTABLISHED,6,15.0,1,50646.92,2589.0,0.3192,0.0163,1,1,3.0,T2,CREDIT_HISTORY,1.0
LA100407,APP100407,2025-09-17,ESTABLISHED,16,30.0,2,117342.75,6597.6,2.376,0.1336,2,3,8.0,T5,CREDIT_HISTORY,1.0
LA100408,APP100408,2025-02-18,LIMITED_HISTORY,5,108.0,1,78074.38,14055.77,0.4407,0.0793,4,1,8.0,T5,LIMITED_HISTORY,1.0
LA100409,APP100409,2025-09-01,ESTABLISHED,20,0.0,0,128032.32,0.0,0.7327,0.0,0,2,2.0,T2,CREDIT_HISTORY,1.0
LA100410,APP100410,2024-08-23,ESTABLISHED,8,0.0,0,178233.58,0.0,0.8338,0.0,0,3,3.0,T2,CREDIT_HISTORY,1.0
LA100411,APP100411,2025-08-30,ESTABLISHED,9,0.0,0,150656.14,0.0,0.6268,0.0,0,2,2.0,T2,CREDIT_HISTORY,1.0
LA100412,APP100412,2025-08-13,ESTABLISHED,19,0.0,0,49530.79,0.0,0.231,0.0,0,0,0.0,T1,CREDIT_HISTORY,1.0
LA100413,APP100413,2025-02-05,ESTABLISHED,18,0.0,0,188236.6,0.0,0.7694,0.0,0,3,3.0,T2,CREDIT_HISTORY,1.0
LA100414,APP100414,2024-06-10,ESTABLISHED,19,0.0,0,88864.9,0.0,0.3685,0.0,0,1,1.0,T1,CREDIT_HISTORY,1.0
LA100415,APP100415,2026-05-05,NO_HISTORY,0,,0,,,,,0,0,,T3,NO_CREDIT_HISTORY,1.0
LA100416,APP100416,2025-01-05,ESTABLISHED,11,0.0,0,176213.24,0.0,1.3339,0.0,0,3,3.0,T2,CREDIT_HISTORY,1.0
LA100417,APP100417,2024-12-14,ESTABLISHED,19,23.0,1,43175.83,1431.27,0.9256,0.0307,1,3,6.0,T4,CREDIT_HISTORY,1.0
LA100418,APP100418,2026-07-05,NO_HISTORY,0,,0,,,,,0,0,,T3,NO_CREDIT_HISTORY,1.0
LA100419,APP100419,2024-07-30,NO_HISTORY,0,,0,,,,,0,0,,T3,NO_CREDIT_HISTORY,1.0
LA100420,APP100420,2026-08-12,ESTABLISHED,10,15.0,1,83884.5,8431.36,0.3385,0.034,1,1,4.0,T3,CREDIT_HISTORY,1.0
LA100421,APP100421,2024-10-23,ESTABLISHED,21,0.0,0,73089.11,0.0,0.637,0.0,0,2,2.0,T2,CREDIT_HISTORY,1.0
LA100422,APP100422,2026-10-19,ESTABLISHED,6,0.0,0,117977.87,0.0,0.7626,0.0,0,3,3.0,T2,CREDIT_HISTORY,1.0
LA100423,APP100423,2026-11-10,ESTABLISHED,22,0.0,0,92878.76,0.0,0.512,0.0,0,2,2.0,T2,CREDIT_HISTORY,1.0
LA100424,APP100424,2026-08-23,ESTABLISHED,12,120.0,2,300600.74,31041.1,1.818,0.1877,5,3,11.0,T5,CREDIT_HISTORY,1.0
LA100425,APP100425,2026-07-02,ESTABLISHED,21,28.0,1,70652.3,2869.13,0.9641,0.0392,1,3,6.0,T4,CREDIT_HISTORY,1.0
LA100426,APP100426,2025-09-02,ESTABLISHED,15,0.0,0,50159.92,0.0,0.5418,0.0,0,2,2.0,T2,CREDIT_HISTORY,1.0
LA100427,APP100427,2026-09-26,ESTABLISHED,22,23.0,1,191489.49,5445.21,0.8412,0.0239,1,3,6.0,T4,CREDIT_HISTORY,1.0
LA100428,APP100428,2025-06-19,ESTABLISHED,8,71.0,1,47992.0,6523.82,0.6268,0.0852,3,2,8.0,T5,CREDIT_HISTORY,1.0
LA100429,APP100429,2025-03-18,ESTABLISHED,9,68.0,1,122141.86,11445.63,0.9174,0.086,3,3,9.0,T5,CREDIT_HISTORY,1.0
LA100430,APP100430,2026-03-30,ESTABLISHED,7,0.0,0,115596.98,0.0,0.5138,0.0,0,2,2.0,T2,CREDIT_HISTORY,1.0
LA100431,APP100431,2024-06-30,ESTABLISHED,22,0.0,0,138508.29,0.0,0.922,0.0,0,3,3.0,T2,CREDIT_HISTORY,1.0
LA100432,APP100432,2025-02-14,ESTABLISHED,12,30.0,2,111606.18,8917.68,0.5569,0.0445,2,2,6.0,T4,CREDIT_HISTORY,1.0
LA100433,APP100433,2025-12-20,ESTABLISHED,11,0.0,0,115384.7,0.0,1.2524,0.0,0,3,3.0,T2,CREDIT_HISTORY,1.0
LA100434,APP100434,2024-03-21,LIMITED_HISTORY,2,0.0,0,53413.56,0.0,0.3007,0.0,0,1,1.0,T1,LIMITED_HISTORY,1.0
LA100435,APP100435,2024-07-02,ESTABLISHED,24,0.0,0,78554.19,0.0,0.5801,0.0,0,2,2.0,T2,CREDIT_HISTORY,1.0
LA100436,APP100436,2024-11-17,ESTABLISHED,19,67.0,1,118569.16,10976.28,0.9306,0.0861,3,3,9.0,T5,CREDIT_HISTORY,1.0
LA100437,APP100437,2025-01-28,ESTABLISHED,18,0.0,0,62743.44,0.0,0.4122,0.0,0,1,1.0,T1,CREDIT_HISTORY,1.0
LA100438,APP100438,2025-03-31,ESTABLISHED,7,60.0,1,278693.65,49207.44,1.499,0.2647,3,3,9.0,T5,CREDIT_HISTORY,1.0
LA100439,APP100439,2025-03-03,LIMITED_HISTORY,2,0.0,0,67582.46,0.0,0.3233,0.0,0,1,1.0,T1,LIMITED_HISTORY,1.0
LA100440,APP100440,2025-08-04,ESTABLISHED,19,0.0,0,112160.05,0.0,0.5554,0.0,0,2,2.0,T2,CREDIT_HISTORY,1.0
LA100441,APP100441,2026-02-26,ESTABLISHED,13,99.0,6,107479.18,7201.89,0.6992,0.0468,4,2,8.0,T5,CREDIT_HISTORY,1.0
LA100442,APP100442,2025-06-28,ESTABLISHED,15,0.0,0,35539.57,0.0,0.2693,0.0,0,1,1.0,T1,CREDIT_HISTORY,1.0
LA100443,APP100443,2026-03-19,LIMITED_HISTORY,3,0.0,0,59097.05,0.0,0.3048,0.0,0,1,1.0,T1,LIMITED_HISTORY,1.0
LA100444,APP100444,2025-02-23,ESTABLISHED,21,0.0,0,59968.18,0.0,0.5547,0.0,0,2,2.0,T2,CREDIT_HISTORY,1.0
LA100445,APP100445,2024-06-24,ESTABLISHED,13,0.0,0,47203.26,0.0,0.3263,0.0,0,1,1.0,T1,CREDIT_HISTORY,1.0
LA100446,APP100446,2025-01-30,ESTABLISHED,23,0.0,0,63525.9,0.0,0.2583,0.0,0,1,1.0,T1,CREDIT_HISTORY,1.0
LA100447,APP100447,2026-07-22,ESTABLISHED,6,30.0,1,76898.04,8805.26,1.0191,0.1167,2,3,8.0,T5,CREDIT_HISTORY,1.0
LA100448,APP100448,2024-06-23,ESTABLISHED,7,19.0,2,64570.61,3269.57,0.6301,0.0319,1,2,5.0,T3,CREDIT_HISTORY,1.0
LA100449,APP100449,2025-08-07,ESTABLISHED,20,0.0,0,73870.07,0.0,0.9611,0.0,0,3,3.0,T2,CREDIT_HISTORY,1.0
LA100450,APP100450,2026-04-21,ESTABLISHED,16,0.0,0,96009.99,0.0,0.8986,0.0,0,3,3.0,T2,CREDIT_HISTORY,1.0
LA100451,APP100451,2026-04-06,ESTABLISHED,19,0.0,0,61599.09,0.0,1.1824,0.0,0,3,3.0,T2,CREDIT_HISTORY,1.0
LA100452,APP100452,2025-12-15,ESTABLISHED,6,0.0,0,37216.79,0.0,0.611,0.0,0,2,2.0,T2,CREDIT_HISTORY,1.0
LA100453,APP100453,2026-01-28,ESTABLISHED,23,20.0,3,104331.96,12343.31,1.0276,0.1216,1,3,7.0,T4,CREDIT_HISTORY,1.0
LA100454,APP100454,2024-11-20,ESTABLISHED,18,0.0,0,42871.68,0.0,0.3729,0.0,0,1,1.0,T1,CREDIT_HISTORY,1.0
LA100455,APP100455,2025-10-05,LIMITED_HISTORY,1,0.0,0,86609.74,0.0,0.3534,0.0,0,1,1.0,T1,LIMITED_HISTORY,1.0
LA100456,APP100456,2026-02-05,LIMITED_HISTORY,5,0.0,0,18221.98,0.0,0.1251,0.0,0,0,0.0,T1,LIMITED_HISTORY,1.0
LA100457,APP100457,2026-06-14,ESTABLISHED,11,0.0,0,71193.39,0.0,0.6447,0.0,0,2,2.0,T2,CREDIT_HISTORY,1.0
LA100458,APP100458,2026-10-29,ESTABLISHED,20,0.0,0,72359.52,0.0,0.4955,0.0,0,1,1.0,T1,CREDIT_HISTORY,1.0
LA100459,APP100459,2026-09-05,ESTABLISHED,10,0.0,0,119932.34,0.0,0.6529,0.0,0,2,2.0,T2,CREDIT_HISTORY,1.0
LA100460,APP100460,2025-12-25,ESTABLISHED,8,60.0,2,33164.83,598.41,0.6278,0.0113,3,2,6.0,T4,CREDIT_HISTORY,1.0
LA100461,APP100461,2026-04-21,ESTABLISHED,14,0.0,0,76343.98,0.0,0.8107,0.0,0,3,3.0,T2,CREDIT_HISTORY,1.0
LA100462,APP100462,2025-07-04,ESTABLISHED,11,90.0,1,110217.13,22397.97,0.5431,0.1104,4,2,9.0,T5,CREDIT_HISTORY,1.0
LA100463,APP100463,2026-09-06,ESTABLISHED,23,15.0,4,449513.65,20343.64,1.8724,0.0847,1,3,7.0,T4,CREDIT_HISTORY,1.0
LA100464,APP100464,2026-10-01,ESTABLISHED,20,0.0,0,49325.6,0.0,0.5345,0.0,0,2,2.0,T2,CREDIT_HISTORY,1.0
LA100465,APP100465,2025-11-04,ESTABLISHED,12,0.0,0,33824.94,0.0,0.6359,0.0,0,2,2.0,T2,CREDIT_HISTORY,1.0
LA100466,APP100466,2025-09-01,ESTABLISHED,17,0.0,0,121674.99,0.0,0.6871,0.0,0,2,2.0,T2,CREDIT_HISTORY,1.0
LA100467,APP100467,2026-08-31,ESTABLISHED,16,0.0,0,112190.39,0.0,0.7115,0.0,0,2,2.0,T2,CREDIT_HISTORY,1.0
LA100468,APP100468,2024-09-12,ESTABLISHED,17,17.0,1,43760.41,823.73,0.5556,0.0105,1,2,4.0,T3,CREDIT_HISTORY,1.0
LA100469,APP100469,2025-11-23,ESTABLISHED,6,0.0,0,82213.01,0.0,0.4066,0.0,0,1,1.0,T1,CREDIT_HISTORY,1.0
LA100470,APP100470,2025-11-02,ESTABLISHED,21,70.0,2,64924.22,11991.35,0.7907,0.146,3,3,9.0,T5,CREDIT_HISTORY,1.0
LA100471,APP100471,2025-01-15,ESTABLISHED,16,31.0,1,275713.96,24516.01,1.135,0.1009,2,3,8.0,T5,CREDIT_HISTORY,1.0
LA100472,APP100472,2024-09-16,ESTABLISHED,10,0.0,0,74592.74,0.0,0.5833,0.0,0,2,2.0,T2,CREDIT_HISTORY,1.0
LA100473,APP100473,2025-09-09,ESTABLISHED,8,0.0,0,30312.34,0.0,0.5925,0.0,0,2,2.0,T2,CREDIT_HISTORY,1.0
LA100474,APP100474,2026-01-24,ESTABLISHED,23,0.0,0,212078.4,0.0,0.9276,0.0,0,3,3.0,T2,CREDIT_HISTORY,1.0
LA100475,APP100475,2026-12-03,ESTABLISHED,6,0.0,0,40338.61,0.0,0.6024,0.0,0,2,2.0,T2,CREDIT_HISTORY,1.0
LA100476,APP100476,2026-09-02,ESTABLISHED,18,60.0,1,64513.92,7124.08,0.6037,0.0667,3,2,8.0,T5,CREDIT_HISTORY,1.0
LA100477,APP100477,2024-06-28,ESTABLISHED,20,0.0,0,50511.26,0.0,0.3862,0.0,0,1,1.0,T1,CREDIT_HISTORY,1.0
LA100478,APP100478,2024-10-01,ESTABLISHED,18,30.0,1,131315.68,17484.92,0.6449,0.0859,2,2,7.0,T4,CREDIT_HISTORY,1.0
LA100479,APP100479,2024-04-02,ESTABLISHED,20,62.0,1,118577.94,9027.33,0.5386,0.041,3,2,7.0,T4,CREDIT_HISTORY,1.0
LA100480,APP100480,2025-04-02,ESTABLISHED,10,99.0,1,315370.24,48800.87,1.626,0.2516,4,3,10.0,T5,CREDIT_HISTORY,1.0
LA100481,APP100481,2024-05-20,LIMITED_HISTORY,5,0.0,0,28051.24,0.0,0.4266,0.0,0,1,1.0,T1,LIMITED_HISTORY,1.0
LA100482,APP100482,2026-07-23,ESTABLISHED,21,0.0,0,69061.81,0.0,1.6399,0.0,0,3,3.0,T2,CREDIT_HISTORY,1.0
LA100483,APP100483,2025-08-29,ESTABLISHED,17,0.0,0,66166.21,0.0,1.0694,0.0,0,3,3.0,T2,CREDIT_HISTORY,1.0
LA100484,APP100484,2026-05-11,ESTABLISHED,15,0.0,0,55344.53,0.0,0.8221,0.0,0,3,3.0,T2,CREDIT_HISTORY,1.0
LA100485,APP100485,2024-01-08,ESTABLISHED,23,17.0,1,194399.6,22174.64,1.3361,0.1524,1,3,7.0,T4,CREDIT_HISTORY,1.0
LA100486,APP100486,2026-04-13,ESTABLISHED,19,0.0,0,135341.14,0.0,0.5678,0.0,0,2,2.0,T2,CREDIT_HISTORY,1.0
LA100487,APP100487,2026-08-05,ESTABLISHED,11,41.0,2,59490.22,3944.32,0.8009,0.0531,2,3,8.0,T5,CREDIT_HISTORY,1.0
LA100488,APP100488,2024-11-17,ESTABLISHED,12,0.0,0,117011.42,0.0,1.1804,0.0,0,3,3.0,T2,CREDIT_HISTORY,1.0
LA100489,APP100489,2026-04-12,ESTABLISHED,21,15.0,3,162954.32,7247.17,0.6707,0.0298,1,2,5.0,T3,CREDIT_HISTORY,1.0
LA100490,APP100490,2024-08-17,ESTABLISHED,16,0.0,0,28539.54,0.0,0.321,0.0,0,1,1.0,T1,CREDIT_HISTORY,1.0
LA100491,APP100491,2024-05-03,ESTABLISHED,24,0.0,0,142341.54,0.0,0.5804,0.0,0,2,2.0,T2,CREDIT_HISTORY,1.0
LA100492,APP100492,2026-10-25,ESTABLISHED,6,15.0,1,32295.29,2492.04,0.249,0.0192,1,0,2.0,T2,CREDIT_HISTORY,1.0
LA100493,APP100493,2025-05-10,ESTABLISHED,6,0.0,0,54148.3,0.0,0.9695,0.0,0,3,3.0,T2,CREDIT_HISTORY,1.0
LA100494,APP100494,2026-12-05,ESTABLISHED,20,0.0,0,44757.71,0.0,0.6561,0.0,0,2,2.0,T2,CREDIT_HISTORY,1.0
LA100495,APP100495,2024-04-02,ESTABLISHED,19,15.0,3,72294.12,6232.33,1.977,0.1704,1,3,7.0,T4,CREDIT_HISTORY,1.0
LA100496,APP100496,2026-10-27,ESTABLISHED,20,0.0,0,181641.21,0.0,0.9156,0.0,0,3,3.0,T2,CREDIT_HISTORY,1.0
LA100497,APP100497,2025-08-13,ESTABLISHED,12,0.0,0,41269.49,0.0,0.1664,0.0,0,0,0.0,T1,CREDIT_HISTORY,1.0
LA100498,APP100498,2024-05-11,ESTABLISHED,15,0.0,0,19191.05,0.0,0.2845,0.0,0,1,1.0,T1,CREDIT_HISTORY,1.0
LA100499,APP100499,2026-10-29,ESTABLISHED,6,0.0,0,32088.47,0.0,0.5665,0.0,0,2,2.0,T2,CREDIT_HISTORY,1.0
LA100500,APP100500,2026-03-25,ESTABLISHED,15,35.0,1,20399.5,420.83,0.4637,0.0096,2,1,4.0,T3,CREDIT_HISTORY,1.0
LA100501,APP100501,2024-10-18,ESTABLISHED,11,0.0,0,187961.78,0.0,0.9655,0.0,0,3,3.0,T2,CREDIT_HISTORY,1.0
LA100502,APP100502,2026-01-23,ESTABLISHED,18,0.0,0,62480.32,0.0,0.6639,0.0,0,2,2.0,T2,CREDIT_HISTORY,1.0
LA100503,APP100503,2025-02-07,ESTABLISHED,15,0.0,0,37718.3,0.0,0.2481,0.0,0,0,0.0,T1,CREDIT_HISTORY,1.0
LA100504,APP100504,2026-06-29,ESTABLISHED,12,0.0,0,86835.1,0.0,0.4857,0.0,0,1,1.0,T1,CREDIT_HISTORY,1.0
LA100505,APP100505,2024-11-24,ESTABLISHED,16,0.0,0,161394.0,0.0,0.9315,0.0,0,3,3.0,T2,CREDIT_HISTORY,1.0
LA100506,APP100506,2026-05-19,ESTABLISHED,18,60.0,3,173135.01,3812.45,2.0213,0.0445,3,3,8.0,T5,CREDIT_HISTORY,1.0
LA100507,APP100507,2025-01-16,LIMITED_HISTORY,4,0.0,0,46343.38,0.0,0.2468,0.0,0,0,0.0,T1,LIMITED_HISTORY,1.0
LA100508,APP100508,2026-01-14,ESTABLISHED,11,15.0,2,107146.21,8851.1,0.6801,0.0562,1,2,6.0,T4,CREDIT_HISTORY,1.0
LA100509,APP100509,2025-02-26,ESTABLISHED,17,0.0,0,169570.04,0.0,0.8487,0.0,0,3,3.0,T2,CREDIT_HISTORY,1.0
LA100510,APP100510,2024-04-28,ESTABLISHED,17,0.0,0,126987.39,0.0,0.5928,0.0,0,2,2.0,T2,CREDIT_HISTORY,1.0
LA100511,APP100511,2025-12-16,ESTABLISHED,19,0.0,0,169665.71,0.0,1.0075,0.0,0,3,3.0,T2,CREDIT_HISTORY,1.0
LA100512,APP100512,2026-01-20,ESTABLISHED,21,0.0,0,33313.41,0.0,0.3363,0.0,0,1,1.0,T1,CREDIT_HISTORY,1.0
LA100513,APP100513,2026-11-07,ESTABLISHED,21,0.0,0,110983.35,0.0,0.7258,0.0,0,2,2.0,T2,CREDIT_HISTORY,1.0
LA100514,APP100514,2026-05-22,LIMITED_HISTORY,4,0.0,0,69706.75,0.0,0.4569,0.0,0,1,1.0,T1,LIMITED_HISTORY,1.0
LA100515,APP100515,2026-12-17,ESTABLISHED,13,0.0,0,66138.58,0.0,0.3763,0.0,0,1,1.0,T1,CREDIT_HISTORY,1.0
LA100516,APP100516,2026-02-28,ESTABLISHED,16,0.0,0,96997.54,0.0,0.9081,0.0,0,3,3.0,T2,CREDIT_HISTORY,1.0
LA100517,APP100517,2025-05-02,ESTABLISHED,7,30.0,3,29282.63,1699.26,0.7629,0.0443,2,3,7.0,T4,CREDIT_HISTORY,1.0
LA100518,APP100518,2024-08-02,ESTABLISHED,21,0.0,0,190837.37,0.0,0.8651,0.0,0,3,3.0,T2,CREDIT_HISTORY,1.0
LA100519,APP100519,2024-09-08,ESTABLISHED,18,0.0,0,90826.29,0.0,0.5117,0.0,0,2,2.0,T2,CREDIT_HISTORY,1.0
LA100520,APP100520,2024-07-16,ESTABLISHED,16,0.0,0,99538.44,0.0,0.4397,0.0,0,1,1.0,T1,CREDIT_HISTORY,1.0
LA100521,APP100521,2025-08-15,ESTABLISHED,23,0.0,0,319330.0,0.0,2.095,0.0,0,3,3.0,T2,CREDIT_HISTORY,1.0
LA100522,APP100522,2026-02-17,LIMITED_HISTORY,5,0.0,0,77272.75,0.0,0.5809,0.0,0,2,2.0,T2,LIMITED_HISTORY,1.0
LA100523,APP100523,2026-02-16,ESTABLISHED,21,15.0,1,364368.31,41468.64,1.6366,0.1863,1,3,7.0,T4,CREDIT_HISTORY,1.0
LA100524,APP100524,2026-11-25,LIMITED_HISTORY,3,30.0,4,108014.4,6296.06,0.5874,0.0342,2,2,6.0,T4,LIMITED_HISTORY,1.0
LA100525,APP100525,2024-07-10,LIMITED_HISTORY,5,0.0,0,130341.71,0.0,0.7045,0.0,0,2,2.0,T2,LIMITED_HISTORY,1.0
LA100526,APP100526,2026-02-08,ESTABLISHED,23,0.0,0,405278.83,0.0,2.0018,0.0,0,3,3.0,T2,CREDIT_HISTORY,1.0
LA100527,APP100527,2026-05-03,ESTABLISHED,22,0.0,0,85463.35,0.0,0.8528,0.0,0,3,3.0,T2,CREDIT_HISTORY,1.0
LA100528,APP100528,2024-02-26,ESTABLISHED,17,30.0,4,115580.82,5144.41,1.1022,0.0491,2,3,7.0,T4,CREDIT_HISTORY,1.0
LA100529,APP100529,2026-11-16,LIMITED_HISTORY,5,32.0,1,16874.53,282.77,0.3072,0.0051,2,1,4.0,T3,LIMITED_HISTORY,1.0
LA100530,APP100530,2025-12-28,ESTABLISHED,7,15.0,3,31777.29,3107.26,0.779,0.0762,1,3,7.0,T4,CREDIT_HISTORY,1.0
LA100531,APP100531,2024-07-31,ESTABLISHED,12,0.0,0,98721.66,0.0,0.5526,0.0,0,2,2.0,T2,CREDIT_HISTORY,1.0
LA100532,APP100532,2026-09-20,ESTABLISHED,17,0.0,0,242146.23,0.0,1.2136,0.0,0,3,3.0,T2,CREDIT_HISTORY,1.0
LA100533,APP100533,2024-01-09,ESTABLISHED,15,30.0,1,261558.38,27028.13,1.4158,0.1463,2,3,8.0,T5,CREDIT_HISTORY,1.0
LA100534,APP100534,2024-03-14,ESTABLISHED,20,0.0,0,52176.55,0.0,0.4574,0.0,0,1,1.0,T1,CREDIT_HISTORY,1.0
LA100535,APP100535,2025-12-10,ESTABLISHED,18,15.0,1,113130.09,11399.55,1.922,0.1937,1,3,7.0,T4,CREDIT_HISTORY,1.0
LA100536,APP100536,2024-11-22,ESTABLISHED,13,0.0,0,66541.19,0.0,0.9749,0.0,0,3,3.0,T2,CREDIT_HISTORY,1.0
LA100537,APP100537,2024-11-19,ESTABLISHED,23,0.0,0,110060.97,0.0,0.4686,0.0,0,1,1.0,T1,CREDIT_HISTORY,1.0
LA100538,APP100538,2024-05-01,ESTABLISHED,13,63.0,1,103050.37,16132.04,1.1074,0.1734,3,3,9.0,T5,CREDIT_HISTORY,1.0
LA100539,APP100539,2026-08-01,ESTABLISHED,24,0.0,0,54156.05,0.0,0.7517,0.0,0,3,3.0,T2,CREDIT_HISTORY,1.0
LA100540,APP100540,2026-08-27,ESTABLISHED,10,0.0,0,310241.63,0.0,1.2982,0.0,0,3,3.0,T2,CREDIT_HISTORY,1.0
LA100541,APP100541,2025-12-03,ESTABLISHED,11,0.0,0,62984.87,0.0,0.5141,0.0,0,2,2.0,T2,CREDIT_HISTORY,1.0
LA100542,APP100542,2026-08-26,ESTABLISHED,18,69.0,3,86057.01,12246.62,0.4166,0.0593,3,1,7.0,T4,CREDIT_HISTORY,1.0
LA100543,APP100543,2024-02-02,ESTABLISHED,17,0.0,0,105145.97,0.0,0.7145,0.0,0,2,2.0,T2,CREDIT_HISTORY,1.0
LA100544,APP100544,2026-06-22,ESTABLISHED,18,0.0,0,112160.73,0.0,0.5881,0.0,0,2,2.0,T2,CREDIT_HISTORY,1.0
LA100545,APP100545,2024-01-16,ESTABLISHED,22,90.0,1,111253.89,2786.2,0.6119,0.0153,4,2,7.0,T4,CREDIT_HISTORY,1.0
LA100546,APP100546,2025-02-18,ESTABLISHED,8,0.0,0,138307.15,0.0,1.3308,0.0,0,3,3.0,T2,CREDIT_HISTORY,1.0
LA100547,APP100547,2025-11-05,LIMITED_HISTORY,5,94.0,3,17985.58,1163.91,0.3494,0.0226,4,1,7.0,T4,LIMITED_HISTORY,1.0
LA100548,APP100548,2024-09-06,ESTABLISHED,23,18.0,2,260416.5,4521.67,1.0821,0.0188,1,3,5.0,T3,CREDIT_HISTORY,1.0
LA100549,APP100549,2024-11-16,ESTABLISHED,24,0.0,0,99297.12,0.0,0.4778,0.0,0,1,1.0,T1,CREDIT_HISTORY,1.0
LA100550,APP100550,2025-05-24,ESTABLISHED,11,0.0,0,268476.83,0.0,1.0889,0.0,0,3,3.0,T2,CREDIT_HISTORY,1.0
LA100551,APP100551,2026-08-06,ESTABLISHED,11,72.0,1,242022.46,33745.1,0.9689,0.1351,3,3,9.0,T5,CREDIT_HISTORY,1.0
LA100552,APP100552,2026-11-02,LIMITED_HISTORY,5,21.0,1,35783.36,1821.56,0.2262,0.0115,1,0,2.0,T2,LIMITED_HISTORY,1.0
LA100553,APP100553,2024-05-28,ESTABLISHED,7,0.0,0,93409.72,0.0,1.1514,0.0,0,3,3.0,T2,CREDIT_HISTORY,1.0
LA100554,APP100554,2025-09-01,ESTABLISHED,15,0.0,0,59042.75,0.0,0.3238,0.0,0,1,1.0,T1,CREDIT_HISTORY,1.0
LA100555,APP100555,2026-06-26,ESTABLISHED,14,30.0,1,25976.95,1416.15,0.438,0.0239,2,1,5.0,T3,CREDIT_HISTORY,1.0
LA100556,APP100556,2024-10-04,ESTABLISHED,7,0.0,0,28411.77,0.0,0.2377,0.0,0,0,0.0,T1,CREDIT_HISTORY,1.0
LA100557,APP100557,2025-07-01,ESTABLISHED,8,0.0,0,175145.31,0.0,1.1779,0.0,0,3,3.0,T2,CREDIT_HISTORY,1.0
LA100558,APP100558,2024-03-09,LIMITED_HISTORY,3,0.0,0,26456.3,0.0,0.1956,0.0,0,0,0.0,T1,LIMITED_HISTORY,1.0
LA100559,APP100559,2025-02-12,ESTABLISHED,18,0.0,0,109788.3,0.0,0.4948,0.0,0,1,1.0,T1,CREDIT_HISTORY,1.0
LA100560,APP100560,2024-10-18,ESTABLISHED,7,0.0,0,206713.21,0.0,1.2631,0.0,0,3,3.0,T2,CREDIT_HISTORY,1.0
LA100561,APP100561,2024-09-04,ESTABLISHED,8,0.0,0,28898.5,0.0,0.3141,0.0,0,1,1.0,T1,CREDIT_HISTORY,1.0
LA100562,APP100562,2025-08-05,ESTABLISHED,9,0.0,0,150996.98,0.0,0.6892,0.0,0,2,2.0,T2,CREDIT_HISTORY,1.0
LA100563,APP100563,2026-01-04,ESTABLISHED,6,0.0,0,25697.65,0.0,0.3476,0.0,0,1,1.0,T1,CREDIT_HISTORY,1.0
LA100564,APP100564,2024-12-07,ESTABLISHED,13,0.0,0,89035.4,0.0,0.84,0.0,0,3,3.0,T2,CREDIT_HISTORY,1.0
LA100565,APP100565,2024-02-09,LIMITED_HISTORY,4,15.0,3,23333.17,391.07,0.2204,0.0037,1,0,2.0,T2,LIMITED_HISTORY,1.0
LA100566,APP100566,2026-12-07,LIMITED_HISTORY,2,0.0,0,39537.07,0.0,0.2513,0.0,0,1,1.0,T1,LIMITED_HISTORY,1.0
LA100567,APP100567,2025-01-12,ESTABLISHED,11,0.0,0,109968.63,0.0,0.5391,0.0,0,2,2.0,T2,CREDIT_HISTORY,1.0
LA100568,APP100568,2024-06-07,LIMITED_HISTORY,3,0.0,0,13520.82,0.0,0.1527,0.0,0,0,0.0,T1,LIMITED_HISTORY,1.0
LA100569,APP100569,2024-09-30,ESTABLISHED,7,0.0,0,20351.82,0.0,0.4746,0.0,0,1,1.0,T1,CREDIT_HISTORY,1.0
LA100570,APP100570,2026-10-23,LIMITED_HISTORY,4,0.0,0,96041.93,0.0,0.4714,0.0,0,1,1.0,T1,LIMITED_HISTORY,1.0
LA100571,APP100571,2024-07-31,ESTABLISHED,9,0.0,0,169978.06,0.0,0.6809,0.0,0,2,2.0,T2,CREDIT_HISTORY,1.0
LA100572,APP100572,2024-12-19,ESTABLISHED,24,0.0,0,92372.48,0.0,0.8168,0.0,0,3,3.0,T2,CREDIT_HISTORY,1.0
LA100573,APP100573,2025-04-01,ESTABLISHED,23,70.0,1,172381.13,9604.4,0.7292,0.0406,3,2,7.0,T4,CREDIT_HISTORY,1.0
LA100574,APP100574,2024-10-02,ESTABLISHED,10,0.0,0,60600.07,0.0,0.6375,0.0,0,2,2.0,T2,CREDIT_HISTORY,1.0
LA100575,APP100575,2024-04-09,ESTABLISHED,10,47.0,2,130019.97,19946.0,0.8509,0.1305,2,3,8.0,T5,CREDIT_HISTORY,1.0
LA100576,APP100576,2025-08-16,LIMITED_HISTORY,3,0.0,0,83980.88,0.0,0.3657,0.0,0,1,1.0,T1,LIMITED_HISTORY,1.0
LA100577,APP100577,2025-03-25,ESTABLISHED,14,0.0,0,139102.61,0.0,0.6127,0.0,0,2,2.0,T2,CREDIT_HISTORY,1.0
LA100578,APP100578,2026-08-02,ESTABLISHED,18,0.0,0,39095.9,0.0,0.1855,0.0,0,0,0.0,T1,CREDIT_HISTORY,1.0
LA100579,APP100579,2026-10-03,ESTABLISHED,23,0.0,0,48396.99,0.0,0.571,0.0,0,2,2.0,T2,CREDIT_HISTORY,1.0
LA100580,APP100580,2024-12-06,LIMITED_HISTORY,3,0.0,0,93115.89,0.0,0.3875,0.0,0,1,1.0,T1,LIMITED_HISTORY,1.0
LA100581,APP100581,2026-08-22,ESTABLISHED,15,0.0,0,118004.01,0.0,1.5085,0.0,0,3,3.0,T2,CREDIT_HISTORY,1.0
LA100582,APP100582,2024-11-09,ESTABLISHED,7,30.0,1,178275.87,2382.89,0.738,0.0099,2,2,5.0,T3,CREDIT_HISTORY,1.0
LA100583,APP100583,2026-11-22,LIMITED_HISTORY,2,15.0,4,20669.72,1537.17,0.4126,0.0307,1,1,4.0,T3,LIMITED_HISTORY,1.0
LA100584,APP100584,2026-08-25,ESTABLISHED,19,0.0,0,70389.27,0.0,0.8852,0.0,0,3,3.0,T2,CREDIT_HISTORY,1.0
LA100585,APP100585,2024-04-26,ESTABLISHED,9,44.0,6,80582.5,5552.58,1.7165,0.1183,2,3,8.0,T5,CREDIT_HISTORY,1.0
LA100586,APP100586,2026-02-23,ESTABLISHED,10,29.0,3,133710.8,17296.4,0.9033,0.1169,1,3,7.0,T4,CREDIT_HISTORY,1.0
LA100587,APP100587,2025-03-25,ESTABLISHED,12,21.0,1,149819.81,4382.13,0.77,0.0225,1,3,6.0,T4,CREDIT_HISTORY,1.0
LA100588,APP100588,2025-03-04,NO_HISTORY,0,,0,,,,,0,0,,T3,NO_CREDIT_HISTORY,1.0
LA100589,APP100589,2024-10-24,ESTABLISHED,11,0.0,0,12465.1,0.0,0.2354,0.0,0,0,0.0,T1,CREDIT_HISTORY,1.0
LA100590,APP100590,2024-07-20,ESTABLISHED,10,15.0,1,64019.18,6555.05,1.3116,0.1343,1,3,7.0,T4,CREDIT_HISTORY,1.0
LA100591,APP100591,2024-10-24,ESTABLISHED,6,0.0,0,20505.38,0.0,0.3354,0.0,0,1,1.0,T1,CREDIT_HISTORY,1.0
LA100592,APP100592,2025-06-27,LIMITED_HISTORY,1,101.0,1,22348.16,2195.88,0.38,0.0373,4,1,7.0,T4,LIMITED_HISTORY,1.0
LA100593,APP100593,2024-02-03,ESTABLISHED,19,33.0,1,60574.37,6747.26,0.919,0.1024,2,3,8.0,T5,CREDIT_HISTORY,1.0
LA100594,APP100594,2024-03-10,ESTABLISHED,23,22.0,2,191438.85,24033.56,0.8519,0.1069,1,3,7.0,T4,CREDIT_HISTORY,1.0
LA100595,APP100595,2024-04-01,ESTABLISHED,7,0.0,0,88280.8,0.0,0.4365,0.0,0,1,1.0,T1,CREDIT_HISTORY,1.0
LA100596,APP100596,2024-01-02,LIMITED_HISTORY,3,0.0,0,10763.81,0.0,0.1284,0.0,0,0,0.0,T1,LIMITED_HISTORY,1.0
LA100597,APP100597,2025-08-06,NO_HISTORY,0,,0,,,,,0,0,,T3,NO_CREDIT_HISTORY,1.0
LA100598,APP100598,2025-10-05,ESTABLISHED,6,0.0,0,166981.56,0.0,0.8463,0.0,0,3,3.0,T2,CREDIT_HISTORY,1.0
LA100599,APP100599,2025-01-30,NO_HISTORY,0,,0,,,,,0,0,,T3,NO_CREDIT_HISTORY,1.0
