application_id,annual_income_usd,employment_duration_months,credit_risk_tier,fico_score,region_state,requested_amount_usd,product_code,dti_pct,military_scra_flag,bankruptcy_last_7y_flag,collections_past_12_months_flag,preliminary_decision,date
APP100000,"$147,346 ",223,T4,663,CA,"$390,382 ",MTG-CV,25.6,FALSE,TRUE,FALSE,Review,6/15/2026
APP100001,"$157,454 ",339,T2,796,TX,"$6,100 ",CRD-ST,20,FALSE,FALSE,FALSE,Approved,5/8/2025
APP100002,"$114,874 ",3,T5,421,CA,"$14,829 ",CRD-ST,38.7,FALSE,TRUE,TRUE,Declined,4/14/2026
APP100003,"$138,404 ",177,T3,715,FL,"$27,186 ",CRD-EL,35.9,FALSE,FALSE,FALSE,Review,3/3/2025
APP100004,"$131,395 ",245,T1,823,CA,"$253,335 ",MTG-FH,27,FALSE,FALSE,FALSE,Approved,4/1/2025
APP100005,"$242,612 ",27,T2,757,FL,"$838,786 ",MTG-CV,32,FALSE,FALSE,FALSE,Approved,3/26/2025
APP100006,"$105,320 ",49,T3,719,NC,"$37,548 ",AUT-TR,36.5,FALSE,FALSE,TRUE,Review,3/3/2024
APP100007,"$54,557 ",91,T2,742,FL,"$807,826 ",MTG-CV,20.5,FALSE,FALSE,FALSE,Approved,7/19/2026
APP100008,"$176,133 ",264,T4,644,CA,"$1,926,684 ",MTG-JB,25.1,FALSE,FALSE,TRUE,Review,1/31/2026
APP100009,"$203,456 ",220,T4,659,TX,"$1,582 ",CRD-SC,28.6,FALSE,FALSE,FALSE,Review,3/1/2024
APP100010,"$154,224 ",249,T4,652,NC,"$31,298 ",CRD-EL,24,FALSE,FALSE,FALSE,Review,9/24/2026
APP100011,"$82,236 ",59,T2,747,FL,"$23,795 ",CRD-EL,15.2,FALSE,FALSE,FALSE,Approved,11/23/2026
APP100012,"$61,335 ",275,T2,772,NC,"$29,011 ",AUT-TT,18.6,FALSE,TRUE,FALSE,Declined,10/4/2025
APP100013,"$76,294 ",80,T2,765,CA,"$2,629 ",CRD-SC,13.3,FALSE,FALSE,FALSE,Approved,9/2/2025
APP100014,"$65,539 ",296,T4,674,CA,"$66,991 ",AUT-TR,20.3,FALSE,FALSE,FALSE,Review,4/30/2025
APP100015,"$71,195 ",202,T1,849,CA,"$314,902 ",MTG-CV,15.3,FALSE,FALSE,FALSE,Approved,8/29/2026
APP100016,"$142,399 ",325,T2,751,TX,"$33,789 ",AUT-TT,13.7,FALSE,FALSE,FALSE,Approved,8/25/2025
APP100017,"$213,067 ",93,T2,766,NC,"$264,983 ",MTG-FH,20.5,FALSE,FALSE,FALSE,Approved,2/3/2024
APP100018,"$90,733 ",37,T2,776,NC,"$90,036 ",AUT-TR,26.5,FALSE,FALSE,FALSE,Approved,6/16/2026
APP100019,"$162,441 ",125,T4,654,CA,"$304,995 ",MTG-CV,35,FALSE,FALSE,FALSE,Review,10/3/2026
APP100020,"$54,765 ",80,T5,576,CA,"$1,775,521 ",MTG-JB,55,FALSE,TRUE,TRUE,Declined,6/20/2026
APP100021,"$200,064 ",265,T4,659,FL,"$564,581 ",MTG-CV,37.7,FALSE,FALSE,FALSE,Review,10/25/2026
APP100022,"$131,513 ",137,T3,717,CA,"$2,782 ",CRD-SC,24.6,FALSE,FALSE,FALSE,Review,4/16/2025
APP100023,"$96,319 ",94,T4,626,NC,"$44,861 ",AUT-TR,31,FALSE,FALSE,FALSE,Review,4/9/2026
APP100024,"$57,746 ",142,T1,822,NC,"$655,836 ",MTG-CV,14.4,FALSE,FALSE,FALSE,Approved,9/26/2024
APP100025,"$195,088 ",208,T3,707,TX,"$1,712,884 ",MTG-JB,20.5,FALSE,FALSE,FALSE,Review,11/8/2026
APP100026,"$99,278 ",158,T1,804,NC,"$25,141 ",AUT-SP,12.1,FALSE,FALSE,FALSE,Approved,7/31/2026
APP100027,"$62,648 ",193,T4,646,FL,"$44,508 ",AUT-TR,26.5,FALSE,FALSE,FALSE,Review,6/4/2025
APP100028,"$75,927 ",213,T3,684,FL,"$275,449 ",MTG-CV,35.4,FALSE,FALSE,FALSE,Review,1/4/2024
APP100029,"$147,718 ",165,T3,720,NC,"$610,043 ",MTG-CV,39,FALSE,FALSE,FALSE,Review,9/14/2026
APP100030,"$169,520 ",203,T3,733,CA,"$347,948 ",MTG-FH,16.3,FALSE,FALSE,FALSE,Review,8/15/2026
APP100031,"$143,245 ",23,T3,732,TX,"$1,834,643 ",MTG-JB,37.1,TRUE,FALSE,FALSE,Review,2/3/2025
APP100032,"$248,535 ",79,T3,690,TX,"$901,772 ",MTG-JB,39.8,FALSE,FALSE,FALSE,Review,6/16/2024
APP100033,"$188,491 ",199,T2,771,CA,"$401,944 ",MTG-CV,25.1,FALSE,FALSE,FALSE,Approved,8/14/2025
APP100034,"$197,763 ",281,T2,781,CA,"$27,071 ",AUT-TT,31.9,FALSE,FALSE,FALSE,Approved,12/9/2026
APP100035,"$218,223 ",5,T2,746,NC,"$179,100 ",MTG-FH,12.5,FALSE,FALSE,FALSE,Approved,10/11/2026
APP100036,"$76,863 ",145,T5,452,NC,"$449,875 ",MTG-FH,45.9,FALSE,FALSE,TRUE,Declined,7/27/2025
APP100037,"$206,860 ",243,T4,667,FL,"$1,318 ",CRD-SC,48.3,FALSE,FALSE,FALSE,Review,4/5/2024
APP100038,"$193,083 ",249,T3,712,CA,"$50,293 ",AUT-TT,25,FALSE,FALSE,FALSE,Review,9/3/2024
APP100039,"$202,786 ",58,T3,702,TX,"$2,103 ",CRD-SC,20.8,TRUE,FALSE,FALSE,Review,8/2/2024
APP100040,"$246,173 ",279,T3,721,CA,"$31,672 ",AUT-SP,32.9,FALSE,FALSE,FALSE,Review,10/27/2026
APP100041,"$179,643 ",215,T1,829,NC,"$1,854 ",CRD-SC,22.1,FALSE,FALSE,FALSE,Approved,12/31/2026
APP100042,"$53,071 ",12,T2,745,CA,"$12,955 ",AUT-TT,25.9,FALSE,FALSE,FALSE,Approved,8/2/2025
APP100043,"$117,768 ",57,T3,697,CA,"$50,683 ",AUT-TT,15.4,FALSE,FALSE,FALSE,Review,4/18/2024
APP100044,"$77,106 ",174,T2,768,TX,"$34,374 ",AUT-SP,27.6,FALSE,FALSE,FALSE,Approved,3/28/2024
APP100045,"$166,198 ",162,T3,736,TX,"$33,862 ",AUT-TR,19.5,FALSE,FALSE,FALSE,Review,1/14/2026
APP100046,"$102,013 ",180,T3,689,FL,"$2,457 ",CRD-SC,29.9,FALSE,FALSE,FALSE,Review,11/14/2024
APP100047,"$234,565 ",40,T3,690,FL,"$427,072 ",MTG-FH,20.4,FALSE,FALSE,FALSE,Review,11/4/2026
APP100048,"$109,956 ",224,T3,724,TX,"$33,971 ",AUT-TT,40.2,FALSE,FALSE,FALSE,Review,1/16/2026
APP100049,"$49,228 ",336,T4,626,NC,"$311,444 ",MTG-FH,27.1,FALSE,TRUE,FALSE,Review,6/29/2025
APP100050,"$83,420 ",266,T5,411,TX,"$39,824 ",CRD-EL,39.7,FALSE,FALSE,FALSE,Declined,12/6/2025
APP100051,"$249,695 ",132,T2,791,TX,"$2,575 ",CRD-SC,28.6,FALSE,FALSE,FALSE,Approved,12/27/2024
APP100052,"$175,957 ",209,T3,721,NC,"$23,595 ",AUT-TT,27.7,FALSE,FALSE,FALSE,Review,10/22/2026
APP100053,"$213,136 ",75,T2,788,CA,"$665,574 ",MTG-CV,29.4,FALSE,FALSE,FALSE,Approved,3/21/2025
APP100054,"$207,375 ",260,T3,718,FL,"$55,512 ",AUT-TT,36.2,FALSE,FALSE,FALSE,Review,9/16/2026
APP100055,"$209,665 ",173,T1,813,CA,"$92,040 ",AUT-TR,21.4,FALSE,FALSE,FALSE,Approved,4/27/2025
APP100056,"$103,805 ",255,T2,751,TX,"$18,221 ",AUT-SP,14,FALSE,FALSE,FALSE,Approved,7/25/2025
APP100057,"$154,281 ",212,T2,794,NC,"$773,494 ",MTG-CV,13.7,TRUE,FALSE,FALSE,Approved,6/24/2025
APP100058,"$237,652 ",30,T2,799,TX,"$75,583 ",AUT-TR,26.1,TRUE,FALSE,FALSE,Approved,9/25/2025
APP100059,"$236,487 ",13,T3,710,NC,"$2,199 ",CRD-SC,35.2,FALSE,FALSE,FALSE,Review,8/15/2025
APP100060,"$150,414 ",186,T3,716,NC,"$45,102 ",AUT-TT,16.8,FALSE,FALSE,FALSE,Review,7/3/2025
APP100061,"$105,509 ",152,T2,779,NC,"$4,841 ",CRD-ST,17.1,FALSE,FALSE,FALSE,Approved,11/27/2024
APP100062,"$234,042 ",39,T5,618,TX,"$159,317 ",MTG-FH,44,FALSE,TRUE,TRUE,Declined,9/16/2025
APP100063,"$104,680 ",205,T3,710,NC,"$14,197 ",AUT-SP,16.2,FALSE,FALSE,FALSE,Review,8/5/2026
APP100064,"$175,183 ",6,T1,847,FL,"$31,324 ",AUT-TR,26,FALSE,FALSE,FALSE,Approved,9/16/2025
APP100065,"$125,224 ",116,T5,468,FL,"$25,266 ",AUT-TT,29.1,FALSE,FALSE,FALSE,Declined,6/26/2026
APP100066,"$51,880 ",311,T2,761,TX,"$912,508 ",MTG-JB,27.2,FALSE,FALSE,FALSE,Approved,4/13/2024
APP100067,"$179,454 ",113,T2,764,TX,"$24,143 ",AUT-TT,20.6,FALSE,FALSE,FALSE,Approved,10/17/2025
APP100068,"$167,611 ",296,T3,684,NC,"$2,451 ",CRD-ST,19,FALSE,FALSE,FALSE,Review,10/30/2025
APP100069,"$87,699 ",138,T3,729,NC,"$1,798,431 ",MTG-JB,21.8,FALSE,FALSE,FALSE,Review,2/6/2026
APP100070,"$37,588 ",289,T4,654,NC,"$36,334 ",AUT-TT,27.4,FALSE,TRUE,FALSE,Review,11/1/2024
APP100071,"$138,212 ",117,T4,663,FL,"$1,336,213 ",MTG-JB,27.2,FALSE,FALSE,FALSE,Review,9/13/2026
APP100072,"$128,558 ",65,T2,769,TX,"$25,051 ",AUT-SP,30.3,FALSE,FALSE,FALSE,Approved,2/5/2026
APP100073,"$184,912 ",233,T1,822,TX,"$49,235 ",AUT-TT,16.5,FALSE,FALSE,FALSE,Approved,8/8/2024
APP100074,"$155,401 ",257,T4,664,CA,"$18,758 ",AUT-TT,46.6,FALSE,FALSE,FALSE,Review,5/13/2026
APP100075,"$227,446 ",101,T1,847,TX,"$2,377 ",CRD-SC,24.1,FALSE,FALSE,FALSE,Approved,9/27/2025
APP100076,"$69,032 ",296,T3,734,NC,$923 ,CRD-SC,41.8,FALSE,FALSE,FALSE,Review,8/13/2026
APP100077,"$178,693 ",134,T4,639,FL,"$8,654 ",CRD-ST,32.9,FALSE,FALSE,TRUE,Review,3/29/2025
APP100078,"$93,002 ",167,T3,683,NC,"$57,731 ",AUT-TT,20.2,FALSE,FALSE,FALSE,Review,2/22/2026
APP100079,"$114,727 ",37,T2,769,FL,"$1,576,698 ",MTG-JB,34.5,FALSE,FALSE,FALSE,Approved,1/9/2025
APP100080,"$134,756 ",276,T1,839,TX,"$28,679 ",CRD-EL,12.5,FALSE,FALSE,FALSE,Approved,10/4/2026
APP100081,"$178,287 ",141,T1,808,TX,$801 ,CRD-SC,20.1,FALSE,FALSE,FALSE,Approved,10/11/2025
APP100082,"$129,361 ",14,T1,831,FL,"$833,214 ",MTG-CV,20.2,FALSE,FALSE,FALSE,Approved,4/13/2024
APP100083,"$162,434 ",173,T4,665,NC,"$403,519 ",MTG-CV,46.2,FALSE,FALSE,FALSE,Review,11/22/2024
APP100084,"$143,323 ",355,T4,664,CA,"$21,626 ",CRD-EL,42.8,FALSE,FALSE,FALSE,Review,2/26/2025
APP100085,"$73,232 ",17,T1,821,CA,"$387,889 ",MTG-CV,27.7,FALSE,FALSE,FALSE,Approved,8/3/2026
APP100086,"$81,714 ",45,T5,429,CA,"$2,721 ",CRD-ST,30.4,FALSE,FALSE,TRUE,Declined,6/5/2024
APP100087,"$149,249 ",44,T4,660,NC,"$32,950 ",AUT-TT,25.7,FALSE,FALSE,FALSE,Review,11/24/2025
APP100088,"$159,999 ",138,T2,755,FL,"$6,517 ",AUT-SP,13.8,FALSE,FALSE,FALSE,Approved,9/8/2025
APP100089,"$218,015 ",122,T3,716,CA,"$6,120 ",CRD-ST,15.4,FALSE,FALSE,FALSE,Review,6/2/2024
APP100090,"$220,585 ",183,T3,715,TX,"$40,917 ",CRD-EL,20.5,TRUE,FALSE,FALSE,Review,4/29/2024
APP100091,"$64,437 ",231,T3,694,NC,"$26,532 ",AUT-TT,30.5,FALSE,FALSE,FALSE,Review,12/1/2024
APP100092,"$98,072 ",338,T4,678,NC,"$45,577 ",CRD-EL,43.7,FALSE,FALSE,FALSE,Review,5/3/2025
APP100093,"$190,934 ",251,T3,715,TX,"$479,619 ",MTG-FH,28.4,FALSE,FALSE,FALSE,Review,2/22/2025
APP100094,"$150,197 ",254,T4,668,CA,"$32,216 ",AUT-TT,40.4,FALSE,FALSE,FALSE,Review,2/21/2025
APP100095,"$233,368 ",104,T4,631,FL,"$1,793,639 ",MTG-JB,46.7,FALSE,FALSE,FALSE,Review,10/24/2024
APP100096,"$154,316 ",294,T1,831,FL,"$8,791 ",AUT-SP,10.5,FALSE,FALSE,FALSE,Approved,5/14/2024
APP100097,"$192,781 ",299,T4,620,TX,"$2,735 ",CRD-ST,27.3,FALSE,FALSE,FALSE,Review,1/6/2026
APP100098,"$181,772 ",94,T3,704,FL,"$48,490 ",AUT-TT,27.3,FALSE,FALSE,FALSE,Review,11/9/2025
APP100099,"$194,847 ",111,T3,693,FL,"$1,308,073 ",MTG-JB,40.2,FALSE,FALSE,FALSE,Review,6/25/2026
APP100100,"$190,345 ",163,T3,718,CA,"$8,500 ",CRD-ST,41.9,FALSE,FALSE,FALSE,Review,5/30/2026
APP100101,"$123,402 ",221,T1,815,TX,"$1,338 ",CRD-SC,22.5,FALSE,FALSE,FALSE,Approved,1/9/2026
APP100102,"$81,394 ",171,T5,504,CA,"$31,694 ",CRD-EL,34,FALSE,FALSE,FALSE,Declined,3/20/2024
APP100103,"$249,408 ",303,T4,663,CA,"$9,604 ",AUT-SP,23.6,FALSE,FALSE,FALSE,Review,11/24/2026
APP100104,"$184,254 ",89,T1,807,NC,"$30,678 ",AUT-SP,16.5,FALSE,FALSE,FALSE,Approved,1/23/2024
APP100105,"$71,571 ",25,T5,484,NC,"$27,658 ",AUT-TT,51.6,TRUE,FALSE,FALSE,Declined,10/28/2024
APP100106,"$104,740 ",78,T5,415,CA,"$43,376 ",AUT-TR,56,FALSE,FALSE,TRUE,Declined,7/14/2024
APP100107,"$53,387 ",316,T3,731,CA,"$24,600 ",AUT-TT,16.1,FALSE,FALSE,TRUE,Review,5/4/2025
APP100108,"$54,398 ",46,T3,730,TX,"$460,891 ",MTG-CV,33.3,FALSE,TRUE,FALSE,Review,3/26/2024
APP100109,"$96,674 ",183,T4,643,CA,"$353,054 ",MTG-FH,20,FALSE,FALSE,FALSE,Review,7/9/2026
APP100110,"$91,462 ",309,T3,716,TX,"$8,368 ",CRD-ST,28.5,FALSE,FALSE,FALSE,Review,1/28/2026
APP100111,"$235,183 ",196,T4,654,TX,$868 ,CRD-SC,47.3,FALSE,FALSE,FALSE,Review,5/20/2024
APP100112,"$197,380 ",291,T3,734,FL,"$40,869 ",CRD-EL,22.9,FALSE,FALSE,FALSE,Review,10/13/2026
APP100113,"$246,514 ",1,T2,779,CA,"$23,058 ",AUT-SP,16.1,FALSE,FALSE,FALSE,Approved,3/30/2026
APP100114,"$196,936 ",303,T3,698,TX,"$10,918 ",CRD-EL,22.5,FALSE,FALSE,FALSE,Review,4/1/2026
APP100115,"$52,970 ",298,T5,510,CA,"$8,944 ",CRD-ST,31.5,TRUE,FALSE,FALSE,Declined,9/26/2026
APP100116,"$171,806 ",23,T1,832,TX,"$2,077 ",CRD-SC,8.4,FALSE,FALSE,FALSE,Approved,6/10/2024
APP100117,"$128,514 ",245,T3,694,CA,"$13,431 ",AUT-TT,19.9,FALSE,FALSE,FALSE,Review,6/15/2024
APP100118,"$48,567 ",241,T4,644,TX,"$10,402 ",CRD-ST,36.8,FALSE,FALSE,FALSE,Review,2/7/2025
APP100119,"$113,663 ",63,T4,630,CA,"$5,313 ",CRD-EL,38.1,FALSE,FALSE,FALSE,Review,11/11/2024
APP100120,"$78,493 ",321,T1,825,FL,"$322,839 ",MTG-FH,22,FALSE,FALSE,FALSE,Approved,2/17/2024
APP100121,"$110,206 ",244,T4,646,FL,"$73,142 ",AUT-TR,20.3,FALSE,FALSE,FALSE,Review,6/16/2026
APP100122,"$75,180 ",194,T5,431,TX,"$30,314 ",AUT-SP,27.7,FALSE,FALSE,TRUE,Declined,6/27/2024
APP100123,"$93,022 ",88,T3,690,FL,"$6,635 ",AUT-SP,20.5,FALSE,FALSE,TRUE,Review,6/21/2026
APP100124,"$187,947 ",272,T3,722,NC,"$1,071,704 ",MTG-JB,30.3,FALSE,FALSE,FALSE,Review,3/29/2026
APP100125,"$47,719 ",284,T2,785,NC,"$31,257 ",CRD-EL,23.9,FALSE,FALSE,FALSE,Approved,1/16/2026
APP100126,"$193,427 ",212,T3,714,FL,"$191,971 ",MTG-FH,41.9,FALSE,FALSE,FALSE,Review,10/20/2024
APP100127,"$159,666 ",283,T1,802,FL,"$393,195 ",MTG-FH,15.6,FALSE,FALSE,FALSE,Approved,1/30/2025
APP100128,"$104,102 ",43,T3,690,NC,"$782,483 ",MTG-JB,35.2,FALSE,FALSE,FALSE,Review,2/27/2024
APP100129,"$94,281 ",216,T4,635,CA,"$2,387 ",CRD-SC,41.8,FALSE,FALSE,FALSE,Review,8/24/2026
APP100130,"$231,200 ",108,T3,694,FL,"$314,741 ",MTG-CV,37.6,FALSE,FALSE,FALSE,Review,5/19/2026
APP100131,"$226,369 ",327,T2,778,TX,$962 ,CRD-SC,32.5,FALSE,FALSE,FALSE,Approved,8/31/2026
APP100132,"$188,719 ",209,T2,745,FL,"$239,807 ",MTG-FH,28.5,FALSE,FALSE,FALSE,Approved,6/20/2025
APP100133,"$91,916 ",179,T2,793,NC,"$1,436,530 ",MTG-JB,23.9,FALSE,FALSE,FALSE,Approved,7/2/2025
APP100134,"$164,835 ",277,T2,768,FL,"$19,465 ",AUT-SP,19,FALSE,FALSE,FALSE,Approved,3/22/2026
APP100135,"$190,721 ",182,T1,801,TX,"$91,139 ",AUT-TR,16.9,FALSE,FALSE,FALSE,Approved,12/28/2024
APP100136,"$60,101 ",237,T3,701,TX,"$419,143 ",MTG-FH,16.3,FALSE,FALSE,FALSE,Review,9/7/2024
APP100137,"$190,555 ",343,T2,755,NC,"$29,617 ",AUT-TT,33.5,FALSE,FALSE,FALSE,Approved,12/16/2025
APP100138,"$113,609 ",176,T3,705,TX,"$320,761 ",MTG-FH,29.7,FALSE,FALSE,FALSE,Review,3/6/2024
APP100139,"$87,694 ",295,T2,790,TX,"$18,777 ",AUT-SP,14.7,TRUE,FALSE,FALSE,Approved,3/2/2024
APP100140,"$79,736 ",40,T4,620,NC,"$46,592 ",CRD-EL,33.8,FALSE,FALSE,FALSE,Review,6/9/2025
APP100141,"$239,024 ",17,T3,685,FL,"$1,055,880 ",MTG-JB,36.8,FALSE,FALSE,TRUE,Review,3/22/2024
APP100142,"$175,837 ",210,T5,365,CA,"$19,463 ",AUT-SP,28.8,FALSE,FALSE,TRUE,Declined,7/3/2024
APP100143,"$185,617 ",221,T3,715,FL,"$22,197 ",AUT-TT,25.8,FALSE,FALSE,FALSE,Review,1/13/2025
APP100144,"$41,094 ",298,T2,772,TX,"$43,784 ",CRD-EL,12,FALSE,FALSE,FALSE,Approved,2/10/2026
APP100145,"$155,155 ",28,T4,649,NC,"$19,383 ",CRD-EL,35.1,FALSE,FALSE,FALSE,Review,10/19/2024
APP100146,"$135,681 ",253,T4,631,FL,"$772,223 ",MTG-CV,34.2,FALSE,FALSE,FALSE,Review,11/2/2026
APP100147,"$221,252 ",290,T1,813,CA,"$49,796 ",CRD-EL,27.9,FALSE,FALSE,FALSE,Approved,5/18/2026
APP100148,"$81,680 ",113,T4,649,TX,"$1,661 ",CRD-SC,39.2,FALSE,FALSE,FALSE,Review,7/29/2025
APP100149,"$39,780 ",132,T1,840,NC,"$20,053 ",AUT-SP,23.9,FALSE,FALSE,FALSE,Approved,2/8/2025
APP100150,"$155,156 ",236,T3,703,TX,"$8,494 ",CRD-ST,24.4,FALSE,FALSE,FALSE,Review,7/31/2024
APP100151,"$160,546 ",296,T5,325,TX,"$9,540 ",CRD-ST,38.1,FALSE,FALSE,FALSE,Declined,8/23/2025
APP100152,"$122,403 ",120,T2,740,FL,$737 ,CRD-SC,33.8,FALSE,FALSE,TRUE,Approved,4/20/2024
APP100153,"$91,413 ",347,T2,763,FL,"$11,618 ",CRD-ST,13.2,FALSE,FALSE,FALSE,Approved,9/18/2026
APP100154,"$187,527 ",298,T2,755,TX,"$1,787 ",CRD-SC,19.6,FALSE,FALSE,FALSE,Approved,11/3/2024
APP100155,"$179,600 ",16,T4,625,CA,"$46,716 ",CRD-EL,27.1,FALSE,FALSE,TRUE,Review,5/14/2025
APP100156,"$206,592 ",63,T2,752,NC,"$1,068,377 ",MTG-JB,14,FALSE,FALSE,FALSE,Approved,10/26/2025
APP100157,"$92,263 ",307,T4,641,FL,"$6,663 ",CRD-EL,42.3,FALSE,FALSE,FALSE,Review,2/28/2024
APP100158,"$168,453 ",219,T4,632,CA,"$505,155 ",MTG-CV,37.5,TRUE,FALSE,FALSE,Review,10/30/2025
APP100159,"$206,521 ",251,T5,572,FL,"$2,121 ",CRD-SC,37.8,TRUE,FALSE,FALSE,Declined,1/22/2026
APP100160,"$60,267 ",212,T2,749,FL,"$346,801 ",MTG-FH,29.7,FALSE,FALSE,FALSE,Approved,6/20/2025
APP100161,"$60,570 ",94,T4,666,CA,"$5,411 ",CRD-EL,34.1,FALSE,FALSE,FALSE,Review,12/25/2024
APP100162,"$45,729 ",354,T3,698,FL,"$46,717 ",AUT-TT,33.6,FALSE,FALSE,FALSE,Review,10/14/2026
APP100163,"$109,861 ",177,T2,780,FL,"$468,502 ",MTG-FH,14.5,FALSE,FALSE,FALSE,Approved,8/27/2024
APP100164,"$54,751 ",289,T4,650,FL,"$760,263 ",MTG-CV,48.5,FALSE,FALSE,FALSE,Review,6/22/2024
APP100165,"$182,372 ",248,T4,638,FL,"$1,350,639 ",MTG-JB,30.7,FALSE,FALSE,TRUE,Review,8/25/2026
APP100166,"$144,672 ",14,T1,824,TX,"$860,193 ",MTG-JB,14.1,FALSE,FALSE,FALSE,Approved,2/7/2025
APP100167,"$97,573 ",166,T2,799,NC,"$160,973 ",MTG-FH,33.2,FALSE,FALSE,FALSE,Approved,12/9/2025
APP100168,"$96,736 ",172,T1,839,CA,"$456,722 ",MTG-CV,23.9,FALSE,FALSE,FALSE,Approved,2/10/2025
APP100169,"$166,897 ",125,T3,696,FL,"$54,983 ",AUT-TT,40.8,FALSE,FALSE,FALSE,Review,8/22/2026
APP100170,"$220,432 ",61,T3,689,NC,"$38,436 ",AUT-TT,29.9,FALSE,FALSE,FALSE,Review,8/28/2024
APP100171,"$79,803 ",61,T1,839,CA,"$14,680 ",AUT-SP,13.4,FALSE,FALSE,FALSE,Approved,7/3/2026
APP100172,"$190,367 ",229,T2,799,TX,"$9,526 ",AUT-SP,27.7,FALSE,FALSE,TRUE,Approved,3/6/2024
APP100173,"$84,450 ",72,T5,358,NC,"$763,049 ",MTG-CV,50.1,FALSE,FALSE,FALSE,Declined,12/2/2025
APP100174,"$137,242 ",183,T2,747,TX,"$26,497 ",CRD-EL,31.7,FALSE,FALSE,FALSE,Approved,3/18/2025
APP100175,"$43,069 ",165,T2,774,FL,"$74,792 ",AUT-TR,14.8,FALSE,FALSE,FALSE,Approved,6/8/2025
APP100176,"$57,640 ",253,T5,578,FL,"$21,600 ",CRD-EL,44.8,FALSE,FALSE,FALSE,Declined,10/7/2026
APP100177,"$80,598 ",254,T4,638,TX,"$23,379 ",CRD-EL,44.2,FALSE,FALSE,FALSE,Review,7/27/2024
APP100178,"$133,131 ",144,T3,732,TX,"$417,912 ",MTG-FH,33,FALSE,FALSE,FALSE,Review,12/5/2025
APP100179,"$114,395 ",39,T3,700,FL,"$343,760 ",MTG-FH,37.2,FALSE,FALSE,TRUE,Review,11/5/2026
APP100180,"$174,422 ",26,T4,666,CA,"$1,839,717 ",MTG-JB,44.3,FALSE,FALSE,TRUE,Review,6/21/2025
APP100181,"$70,009 ",118,T4,669,FL,"$45,903 ",CRD-EL,28.2,FALSE,FALSE,FALSE,Review,12/10/2026
APP100182,"$211,091 ",349,T4,658,TX,"$2,407 ",CRD-SC,33.3,FALSE,FALSE,TRUE,Review,4/14/2024
APP100183,"$157,418 ",302,T1,816,NC,"$1,347,889 ",MTG-JB,24,FALSE,FALSE,FALSE,Approved,10/10/2026
APP100184,"$217,891 ",91,T4,662,NC,"$25,995 ",AUT-SP,29.3,FALSE,FALSE,FALSE,Review,11/21/2024
APP100185,"$191,597 ",241,T1,838,NC,"$38,087 ",AUT-TT,8.4,TRUE,FALSE,FALSE,Approved,7/5/2026
APP100186,"$106,268 ",81,T2,791,CA,"$410,797 ",MTG-FH,19.4,TRUE,FALSE,FALSE,Approved,7/10/2026
APP100187,"$109,537 ",92,T2,743,NC,"$610,100 ",MTG-CV,25.8,FALSE,FALSE,FALSE,Approved,10/24/2024
APP100188,"$110,889 ",261,T3,688,TX,"$453,127 ",MTG-FH,27,FALSE,FALSE,FALSE,Review,6/4/2024
APP100189,"$131,976 ",104,T5,499,NC,"$1,009 ",CRD-SC,50.6,FALSE,FALSE,FALSE,Declined,9/30/2026
APP100190,"$235,380 ",316,T4,652,CA,"$12,639 ",AUT-SP,37.3,FALSE,TRUE,TRUE,Review,11/9/2026
APP100191,"$244,370 ",96,T4,641,CA,"$25,777 ",AUT-SP,23.4,FALSE,FALSE,FALSE,Review,11/18/2024
APP100192,"$59,323 ",83,T1,837,NC,"$6,213 ",CRD-ST,22.4,FALSE,FALSE,FALSE,Approved,12/31/2025
APP100193,"$208,770 ",229,T2,754,TX,"$19,532 ",AUT-TT,17.3,FALSE,FALSE,FALSE,Approved,11/30/2024
APP100194,"$240,482 ",325,T2,764,NC,"$1,336,960 ",MTG-JB,15.9,FALSE,FALSE,FALSE,Approved,1/14/2026
APP100195,"$104,748 ",114,T5,420,TX,"$636,844 ",MTG-CV,30.2,FALSE,FALSE,FALSE,Declined,8/1/2024
APP100196,"$120,252 ",170,T2,777,FL,"$9,034 ",CRD-ST,16.9,FALSE,FALSE,FALSE,Approved,3/14/2026
APP100197,"$204,538 ",310,T5,336,FL,"$1,306,581 ",MTG-JB,27.2,FALSE,FALSE,FALSE,Declined,9/2/2026
APP100198,"$171,345 ",133,T4,657,FL,"$1,479,248 ",MTG-JB,31.9,FALSE,FALSE,FALSE,Review,5/4/2025
APP100199,"$134,724 ",145,T3,718,CA,"$7,480 ",CRD-ST,34.4,FALSE,FALSE,FALSE,Review,8/27/2026
APP100200,"$112,899 ",265,T4,678,CA,"$1,872,106 ",MTG-JB,49.3,FALSE,TRUE,FALSE,Review,9/30/2024
APP100201,"$88,883 ",119,T4,644,TX,"$31,974 ",AUT-SP,46.3,FALSE,FALSE,FALSE,Review,3/18/2025
APP100202,"$42,854 ",276,T1,834,TX,"$714,445 ",MTG-CV,24.2,FALSE,FALSE,FALSE,Approved,6/12/2024
APP100203,"$77,089 ",138,T4,633,FL,$383 ,CRD-SC,23.7,FALSE,FALSE,FALSE,Review,3/27/2024
APP100204,"$126,178 ",295,T4,653,NC,"$1,437 ",CRD-SC,23.8,FALSE,FALSE,FALSE,Review,5/15/2026
APP100205,"$113,455 ",38,T2,755,CA,$682 ,CRD-SC,18,FALSE,FALSE,FALSE,Approved,8/6/2025
APP100206,"$157,583 ",223,T3,710,NC,"$42,394 ",AUT-TT,27.2,FALSE,FALSE,TRUE,Review,6/22/2026
APP100207,"$36,488 ",141,T3,685,TX,"$2,196 ",CRD-SC,27.5,FALSE,FALSE,FALSE,Review,9/14/2025
APP100208,"$109,422 ",289,T3,682,CA,"$9,830 ",CRD-ST,17.3,TRUE,FALSE,FALSE,Review,1/4/2026
APP100209,"$145,377 ",77,T3,691,CA,"$5,579 ",CRD-ST,34.4,FALSE,FALSE,TRUE,Review,5/26/2025
APP100210,"$116,465 ",236,T3,727,FL,"$299,570 ",MTG-FH,21.6,FALSE,FALSE,FALSE,Review,7/19/2025
APP100211,"$194,707 ",247,T3,682,NC,"$11,933 ",CRD-ST,35.5,FALSE,FALSE,FALSE,Review,10/25/2026
APP100212,"$190,343 ",359,T3,711,FL,"$1,068,824 ",MTG-JB,28.6,FALSE,FALSE,FALSE,Review,8/24/2024
APP100213,"$239,174 ",187,T2,788,FL,"$7,200 ",CRD-ST,23.2,TRUE,FALSE,FALSE,Approved,11/1/2024
APP100214,"$242,962 ",198,T4,679,CA,"$36,387 ",AUT-TR,48.9,FALSE,FALSE,TRUE,Review,6/5/2024
APP100215,"$57,992 ",22,T2,766,TX,"$1,759,867 ",MTG-JB,19.6,FALSE,FALSE,FALSE,Approved,6/18/2026
APP100216,"$46,645 ",170,T4,667,CA,$511 ,CRD-SC,41,FALSE,TRUE,FALSE,Review,3/29/2024
APP100217,"$223,240 ",262,T5,536,TX,"$417,878 ",MTG-FH,53.2,FALSE,FALSE,FALSE,Declined,1/17/2025
APP100218,"$135,142 ",331,T2,794,FL,"$33,817 ",AUT-SP,22.6,FALSE,FALSE,FALSE,Approved,3/8/2026
APP100219,"$116,280 ",73,T3,732,CA,"$39,251 ",AUT-TT,16.3,FALSE,FALSE,FALSE,Review,2/1/2024
APP100220,"$172,018 ",226,T3,713,TX,"$241,183 ",MTG-FH,40.2,TRUE,FALSE,FALSE,Review,12/10/2026
APP100221,"$153,079 ",180,T3,738,FL,"$72,241 ",AUT-TR,38.8,FALSE,FALSE,TRUE,Review,6/16/2025
APP100222,"$161,662 ",125,T1,822,TX,"$15,162 ",CRD-EL,11.8,FALSE,FALSE,FALSE,Approved,3/28/2025
APP100223,"$173,081 ",247,T3,702,FL,"$43,872 ",AUT-TR,21.3,FALSE,FALSE,TRUE,Review,7/28/2024
APP100224,"$174,229 ",52,T5,430,CA,"$1,030,550 ",MTG-JB,50.9,FALSE,FALSE,TRUE,Declined,5/1/2026
APP100225,"$67,908 ",7,T3,699,NC,"$2,578 ",CRD-ST,33.8,FALSE,FALSE,FALSE,Review,7/31/2026
APP100226,"$196,613 ",246,T5,605,CA,"$29,363 ",AUT-TR,28.5,FALSE,FALSE,TRUE,Declined,7/2/2026
APP100227,"$64,779 ",131,T4,673,NC,"$5,063 ",CRD-EL,30,FALSE,TRUE,FALSE,Review,6/13/2026
APP100228,"$114,054 ",241,T5,421,FL,"$484,843 ",MTG-CV,41.7,FALSE,FALSE,TRUE,Declined,1/14/2025
APP100229,"$81,979 ",65,T3,734,FL,"$1,782 ",CRD-SC,32.5,FALSE,FALSE,FALSE,Review,10/17/2024
APP100230,"$183,747 ",155,T4,661,TX,"$233,004 ",MTG-CV,21,FALSE,FALSE,FALSE,Review,5/15/2026
APP100231,"$92,031 ",247,T5,369,NC,"$44,414 ",AUT-TT,51.3,FALSE,FALSE,FALSE,Declined,11/1/2026
APP100232,"$163,228 ",142,T5,523,NC,"$1,692,356 ",MTG-JB,49.7,FALSE,FALSE,FALSE,Declined,11/2/2025
APP100233,"$184,508 ",34,T1,832,TX,"$1,265,380 ",MTG-JB,17,FALSE,FALSE,FALSE,Approved,6/18/2026
APP100234,"$137,867 ",32,T2,784,FL,"$1,141 ",CRD-ST,25,FALSE,FALSE,FALSE,Approved,5/2/2024
APP100235,"$73,155 ",195,T3,736,NC,"$45,228 ",CRD-EL,24.2,FALSE,FALSE,FALSE,Review,7/1/2026
APP100236,"$115,532 ",270,T5,487,TX,"$231,669 ",MTG-CV,49.6,FALSE,TRUE,FALSE,Declined,2/16/2026
APP100237,"$163,288 ",351,T3,701,TX,"$21,204 ",AUT-SP,32.8,FALSE,FALSE,FALSE,Review,3/2/2026
APP100238,"$225,209 ",341,T5,611,TX,$857 ,CRD-SC,28.9,FALSE,FALSE,TRUE,Declined,1/29/2026
APP100239,"$54,022 ",150,T4,661,FL,"$898,490 ",MTG-JB,21.8,FALSE,FALSE,FALSE,Review,9/7/2025
APP100240,"$127,660 ",40,T2,742,FL,"$7,804 ",CRD-ST,12.1,FALSE,FALSE,FALSE,Approved,10/7/2026
APP100241,"$178,255 ",187,T1,800,TX,"$55,466 ",AUT-TT,18.9,FALSE,FALSE,FALSE,Approved,4/19/2025
APP100242,"$227,884 ",275,T2,797,NC,"$5,665 ",CRD-ST,22.9,FALSE,FALSE,FALSE,Approved,7/18/2024
APP100243,"$236,317 ",89,T2,748,NC,"$23,291 ",AUT-TR,32.8,FALSE,FALSE,FALSE,Approved,10/16/2026
APP100244,"$179,820 ",251,T5,396,TX,"$9,027 ",CRD-ST,54.1,FALSE,FALSE,TRUE,Declined,10/27/2026
APP100245,"$125,222 ",345,T2,778,NC,"$606,538 ",MTG-CV,22,FALSE,FALSE,FALSE,Approved,9/8/2025
APP100246,"$110,243 ",155,T4,649,TX,"$694,665 ",MTG-CV,22,FALSE,FALSE,TRUE,Review,12/13/2026
APP100247,"$117,629 ",313,T4,631,NC,"$56,377 ",AUT-TT,39.4,FALSE,FALSE,FALSE,Review,7/20/2025
APP100248,"$40,067 ",154,T4,668,TX,"$33,643 ",AUT-SP,45.5,FALSE,FALSE,FALSE,Review,6/6/2024
APP100249,"$224,761 ",100,T5,564,NC,"$1,351,204 ",MTG-JB,34.4,FALSE,TRUE,TRUE,Declined,9/24/2025
APP100250,"$223,468 ",306,T2,771,TX,"$182,017 ",MTG-FH,19.8,FALSE,FALSE,FALSE,Approved,2/7/2025
APP100251,"$106,232 ",336,T4,678,FL,"$84,545 ",AUT-TR,40.6,FALSE,FALSE,TRUE,Review,3/14/2025
APP100252,"$196,603 ",134,T4,635,TX,"$1,572 ",CRD-SC,46.6,FALSE,FALSE,FALSE,Review,8/27/2025
APP100253,"$196,408 ",198,T2,761,NC,"$981,964 ",MTG-JB,17.7,FALSE,FALSE,FALSE,Approved,6/2/2024
APP100254,"$71,372 ",69,T3,721,TX,"$14,568 ",AUT-SP,38.4,FALSE,FALSE,FALSE,Review,10/29/2026
APP100255,"$196,515 ",181,T2,762,CA,"$356,686 ",MTG-CV,31.5,FALSE,FALSE,FALSE,Approved,9/12/2026
APP100256,"$185,348 ",23,T3,719,TX,"$42,403 ",CRD-EL,37.3,FALSE,FALSE,FALSE,Review,9/28/2026
APP100257,"$48,446 ",266,T5,346,FL,"$450,233 ",MTG-CV,54,FALSE,FALSE,FALSE,Declined,3/14/2026
APP100258,"$35,370 ",181,T5,371,CA,"$292,541 ",MTG-FH,32.6,FALSE,TRUE,FALSE,Declined,6/15/2025
APP100259,"$63,277 ",178,T2,785,CA,"$11,564 ",CRD-EL,15.1,FALSE,FALSE,TRUE,Approved,11/20/2026
APP100260,"$197,039 ",314,T4,633,NC,"$358,947 ",MTG-FH,37.7,FALSE,TRUE,FALSE,Review,9/6/2025
APP100261,"$96,253 ",294,T2,757,TX,"$779,074 ",MTG-CV,16.2,FALSE,FALSE,FALSE,Approved,3/2/2024
APP100262,"$116,057 ",70,T2,768,TX,"$651,538 ",MTG-CV,30.9,FALSE,FALSE,FALSE,Approved,9/8/2025
APP100263,"$238,126 ",123,T2,799,NC,"$1,135 ",CRD-SC,14.5,TRUE,FALSE,FALSE,Approved,3/10/2025
APP100264,"$57,629 ",240,T5,302,NC,"$17,926 ",AUT-SP,47.5,FALSE,FALSE,TRUE,Declined,4/19/2024
APP100265,"$208,113 ",223,T3,684,FL,"$26,719 ",AUT-SP,32.2,FALSE,FALSE,FALSE,Review,6/3/2026
APP100266,"$68,911 ",338,T4,652,TX,"$1,718 ",CRD-SC,48.4,FALSE,FALSE,FALSE,Review,6/6/2026
APP100267,"$239,124 ",316,T5,333,NC,"$38,042 ",CRD-EL,57.2,FALSE,FALSE,TRUE,Declined,5/7/2025
APP100268,"$120,728 ",108,T1,839,TX,"$4,078 ",CRD-ST,15.4,FALSE,FALSE,FALSE,Approved,9/23/2026
APP100269,"$114,893 ",107,T4,641,NC,"$40,574 ",AUT-TR,22.3,FALSE,FALSE,FALSE,Review,8/13/2024
APP100270,"$108,701 ",260,T5,598,FL,"$53,974 ",AUT-TT,43.8,FALSE,FALSE,FALSE,Declined,7/10/2026
APP100271,"$124,658 ",346,T5,586,TX,"$30,768 ",CRD-EL,54.5,FALSE,TRUE,TRUE,Declined,5/14/2024
APP100272,"$80,098 ",333,T4,676,FL,"$21,477 ",AUT-SP,27,FALSE,FALSE,TRUE,Review,11/24/2025
APP100273,"$91,016 ",184,T2,783,TX,"$586,517 ",MTG-CV,21,FALSE,FALSE,FALSE,Approved,1/1/2024
APP100274,"$103,124 ",314,T3,709,CA,"$40,207 ",AUT-TR,31.8,FALSE,FALSE,FALSE,Review,3/5/2025
APP100275,"$45,547 ",284,T3,716,TX,"$34,908 ",AUT-SP,32.6,FALSE,FALSE,FALSE,Review,11/20/2026
APP100276,"$54,429 ",37,T3,703,NC,"$23,193 ",AUT-TR,15.6,FALSE,FALSE,FALSE,Review,7/20/2024
APP100277,"$53,202 ",161,T2,776,NC,"$16,263 ",AUT-TT,29.6,FALSE,FALSE,FALSE,Approved,8/29/2024
APP100278,"$132,653 ",346,T5,575,NC,"$365,190 ",MTG-CV,33.2,FALSE,FALSE,TRUE,Declined,6/30/2026
APP100279,"$43,199 ",161,T2,748,CA,"$320,445 ",MTG-FH,23.5,TRUE,FALSE,FALSE,Approved,6/13/2025
APP100280,"$147,295 ",277,T1,815,CA,"$64,724 ",AUT-TR,22.9,FALSE,FALSE,FALSE,Approved,1/24/2026
APP100281,"$99,524 ",136,T1,821,TX,"$6,555 ",CRD-ST,8.5,FALSE,FALSE,FALSE,Approved,10/15/2026
APP100282,"$97,286 ",77,T3,730,TX,"$23,241 ",AUT-TR,17.3,FALSE,FALSE,FALSE,Review,12/26/2026
APP100283,"$249,074 ",285,T3,702,TX,"$4,881 ",CRD-ST,27.7,FALSE,FALSE,FALSE,Review,1/23/2025
APP100284,"$67,585 ",136,T4,643,NC,"$2,673 ",CRD-SC,42,FALSE,FALSE,TRUE,Review,2/11/2025
APP100285,"$131,070 ",50,T2,794,CA,"$16,808 ",CRD-EL,30.3,TRUE,FALSE,FALSE,Approved,9/16/2025
APP100286,"$76,248 ",80,T3,701,TX,"$1,389 ",CRD-SC,20,FALSE,FALSE,FALSE,Review,7/7/2026
APP100287,"$35,072 ",7,T4,643,TX,"$414,288 ",MTG-CV,28.9,FALSE,FALSE,TRUE,Review,2/18/2024
APP100288,"$49,014 ",304,T3,736,NC,"$448,183 ",MTG-FH,24.5,FALSE,FALSE,FALSE,Review,6/13/2026
APP100289,"$234,172 ",337,T5,583,NC,"$8,444 ",AUT-SP,59.6,FALSE,FALSE,FALSE,Declined,5/27/2024
APP100290,"$160,547 ",343,T4,639,CA,"$14,288 ",AUT-TT,48.1,FALSE,FALSE,FALSE,Review,6/4/2025
APP100291,"$107,543 ",15,T2,795,FL,"$79,224 ",AUT-TR,31,FALSE,FALSE,FALSE,Approved,4/7/2026
APP100292,"$132,822 ",94,T5,488,NC,"$39,500 ",CRD-EL,50,FALSE,FALSE,FALSE,Declined,6/21/2026
APP100293,"$88,162 ",207,T4,647,TX,"$13,809 ",AUT-SP,47.9,FALSE,FALSE,FALSE,Review,8/11/2024
APP100294,"$161,500 ",221,T4,660,CA,"$38,140 ",AUT-TT,30.4,FALSE,FALSE,FALSE,Review,11/28/2025
APP100295,"$186,231 ",163,T2,755,FL,"$22,784 ",AUT-SP,33.1,FALSE,FALSE,FALSE,Approved,5/19/2024
APP100296,"$176,214 ",266,T2,757,FL,"$345,802 ",MTG-FH,12.7,FALSE,FALSE,FALSE,Approved,4/21/2024
APP100297,"$172,984 ",176,T1,809,TX,"$1,344 ",CRD-SC,21.7,FALSE,FALSE,FALSE,Approved,3/26/2025
APP100298,"$137,643 ",113,T4,669,FL,"$1,194,225 ",MTG-JB,44,FALSE,FALSE,FALSE,Review,6/21/2026
APP100299,"$201,970 ",324,T4,658,TX,"$1,625,336 ",MTG-JB,31.5,FALSE,FALSE,FALSE,Review,9/14/2025
APP100300,"$136,952 ",22,T2,790,CA,"$307,831 ",MTG-FH,24.7,FALSE,FALSE,FALSE,Approved,3/26/2026
APP100301,"$247,050 ",181,T4,635,NC,"$15,647 ",CRD-EL,31.5,FALSE,FALSE,FALSE,Review,5/18/2024
APP100302,"$170,713 ",326,T3,712,NC,"$166,617 ",MTG-FH,22,FALSE,FALSE,FALSE,Review,11/3/2025
APP100303,"$113,749 ",222,T4,668,FL,"$12,292 ",CRD-ST,21.9,FALSE,FALSE,TRUE,Review,1/26/2026
APP100304,"$226,224 ",60,T1,835,NC,"$1,846,516 ",MTG-JB,13.7,FALSE,FALSE,FALSE,Approved,6/12/2024
APP100305,"$72,785 ",237,T3,696,TX,"$18,691 ",AUT-TT,29,FALSE,FALSE,FALSE,Review,11/11/2026
APP100306,"$239,156 ",51,T3,723,NC,"$14,932 ",AUT-TT,30.1,FALSE,FALSE,FALSE,Review,2/2/2026
APP100307,"$211,673 ",217,T2,758,FL,"$38,058 ",AUT-TR,28.9,FALSE,FALSE,FALSE,Approved,1/27/2024
APP100308,"$248,316 ",38,T5,481,FL,"$602,386 ",MTG-CV,59.3,TRUE,FALSE,FALSE,Declined,11/25/2025
APP100309,"$160,024 ",72,T4,678,TX,"$6,931 ",CRD-ST,46.1,FALSE,FALSE,FALSE,Review,12/7/2024
APP100310,"$238,373 ",280,T3,685,CA,"$555,575 ",MTG-CV,20.1,TRUE,FALSE,FALSE,Review,8/10/2025
APP100311,"$81,219 ",217,T4,627,TX,"$1,684,409 ",MTG-JB,49.9,FALSE,FALSE,FALSE,Review,4/20/2024
APP100312,"$169,954 ",72,T3,694,CA,"$1,352,007 ",MTG-JB,31.7,FALSE,FALSE,TRUE,Review,8/25/2026
APP100313,"$107,214 ",111,T2,747,FL,"$20,690 ",AUT-TR,32.6,FALSE,FALSE,FALSE,Approved,5/10/2025
APP100314,"$189,093 ",346,T2,798,CA,"$2,109 ",CRD-SC,18.2,FALSE,FALSE,FALSE,Approved,4/22/2024
APP100315,"$169,118 ",107,T3,703,NC,"$1,046 ",CRD-ST,34.3,FALSE,FALSE,FALSE,Review,7/24/2024
APP100316,"$86,115 ",285,T4,623,NC,"$96,287 ",AUT-TR,34.6,FALSE,TRUE,FALSE,Review,5/12/2026
APP100317,"$90,667 ",342,T2,749,CA,"$2,632 ",CRD-SC,32.2,FALSE,FALSE,FALSE,Approved,1/30/2026
APP100318,"$79,162 ",319,T3,683,FL,"$248,302 ",MTG-FH,33.2,FALSE,FALSE,FALSE,Review,6/15/2024
APP100319,"$171,753 ",32,T2,746,CA,"$470,900 ",MTG-FH,31.5,FALSE,FALSE,FALSE,Approved,6/18/2026
APP100320,"$75,468 ",335,T3,726,FL,"$49,728 ",CRD-EL,27.8,FALSE,FALSE,FALSE,Review,11/17/2024
APP100321,"$158,381 ",89,T3,689,CA,"$31,665 ",AUT-SP,32.6,FALSE,FALSE,FALSE,Review,6/26/2025
APP100322,"$191,250 ",250,T3,680,NC,"$49,154 ",AUT-TR,35.5,FALSE,FALSE,FALSE,Review,1/5/2024
APP100323,"$159,205 ",22,T2,756,CA,"$14,827 ",AUT-SP,27,FALSE,FALSE,FALSE,Approved,10/19/2026
APP100324,"$61,862 ",111,T4,629,FL,"$702,250 ",MTG-CV,35.4,TRUE,FALSE,FALSE,Review,9/15/2025
APP100325,"$63,298 ",152,T2,774,TX,"$10,865 ",AUT-SP,19.5,FALSE,FALSE,FALSE,Approved,5/25/2025
APP100326,"$35,343 ",26,T3,731,CA,"$23,199 ",CRD-EL,21.6,FALSE,FALSE,FALSE,Review,4/1/2026
APP100327,"$82,535 ",311,T5,476,CA,"$1,700,261 ",MTG-JB,59.8,FALSE,FALSE,FALSE,Declined,4/11/2025
APP100328,"$157,763 ",146,T3,728,FL,"$1,360,161 ",MTG-JB,37,FALSE,FALSE,FALSE,Review,4/1/2026
APP100329,"$75,724 ",268,T5,478,FL,$462 ,CRD-SC,36.6,FALSE,TRUE,TRUE,Declined,2/10/2025
APP100330,"$155,992 ",184,T2,794,FL,"$1,950 ",CRD-ST,25.6,FALSE,FALSE,FALSE,Approved,5/10/2024
APP100331,"$203,921 ",98,T3,680,TX,"$424,528 ",MTG-CV,39.5,FALSE,FALSE,FALSE,Review,12/4/2026
APP100332,"$73,129 ",33,T2,766,TX,"$487,568 ",MTG-FH,32.1,FALSE,FALSE,FALSE,Approved,4/4/2024
APP100333,"$66,972 ",57,T4,664,FL,"$42,487 ",AUT-TR,48.2,FALSE,FALSE,FALSE,Review,10/28/2024
APP100334,"$181,030 ",91,T1,838,NC,"$1,142,295 ",MTG-JB,25.8,FALSE,FALSE,FALSE,Approved,3/21/2026
APP100335,"$57,317 ",228,T1,803,TX,"$1,039,776 ",MTG-JB,23.2,FALSE,FALSE,FALSE,Approved,4/7/2024
APP100336,"$79,008 ",294,T4,628,CA,"$14,001 ",AUT-SP,27.8,FALSE,FALSE,FALSE,Review,1/11/2026
APP100337,"$194,528 ",86,T3,708,CA,"$42,506 ",AUT-TT,21,FALSE,FALSE,FALSE,Review,10/2/2025
APP100338,"$73,333 ",159,T4,670,FL,"$1,932,225 ",MTG-JB,49.3,FALSE,FALSE,FALSE,Review,12/16/2026
APP100339,"$112,226 ",246,T3,697,NC,"$2,738 ",CRD-SC,34.7,FALSE,FALSE,FALSE,Review,12/17/2026
APP100340,"$190,378 ",17,T4,656,CA,"$38,394 ",AUT-TR,44.3,FALSE,TRUE,FALSE,Review,12/30/2026
APP100341,"$97,679 ",59,T2,748,FL,"$57,770 ",AUT-TR,12.2,FALSE,FALSE,FALSE,Approved,1/7/2024
APP100342,"$247,747 ",285,T2,768,CA,"$34,275 ",CRD-EL,24.1,FALSE,FALSE,FALSE,Approved,3/22/2025
APP100343,"$99,501 ",195,T4,655,NC,"$40,623 ",CRD-EL,31.5,FALSE,FALSE,FALSE,Review,8/12/2024
APP100344,"$49,627 ",312,T1,834,CA,"$36,229 ",AUT-TR,17.7,FALSE,FALSE,FALSE,Approved,11/21/2026
APP100345,"$122,112 ",81,T5,577,FL,"$545,667 ",MTG-CV,26.7,FALSE,FALSE,FALSE,Declined,7/1/2026
APP100346,"$204,532 ",8,T1,843,CA,"$5,507 ",CRD-ST,13.4,FALSE,FALSE,FALSE,Approved,7/15/2026
APP100347,"$105,114 ",76,T4,656,FL,"$641,718 ",MTG-CV,44.9,FALSE,FALSE,FALSE,Review,3/18/2024
APP100348,"$74,563 ",200,T2,798,NC,"$39,695 ",AUT-TT,31,FALSE,FALSE,FALSE,Approved,3/22/2026
APP100349,"$99,537 ",45,T4,629,CA,"$402,726 ",MTG-CV,30.6,FALSE,FALSE,TRUE,Review,1/26/2025
APP100350,"$166,461 ",253,T3,715,TX,"$203,130 ",MTG-CV,26.9,FALSE,FALSE,FALSE,Review,9/20/2024
APP100351,"$81,283 ",263,T5,561,FL,"$361,162 ",MTG-CV,29.8,FALSE,FALSE,FALSE,Declined,6/16/2024
APP100352,"$210,573 ",221,T4,650,TX,"$1,991,727 ",MTG-JB,24.8,FALSE,FALSE,FALSE,Review,9/4/2026
APP100353,"$41,105 ",86,T2,744,FL,"$8,721 ",AUT-SP,20.1,FALSE,FALSE,FALSE,Approved,7/10/2026
APP100354,"$106,998 ",101,T3,728,CA,"$299,383 ",MTG-FH,39.1,FALSE,FALSE,FALSE,Review,2/15/2025
APP100355,"$144,648 ",40,T4,637,CA,"$1,559,749 ",MTG-JB,20.1,FALSE,TRUE,FALSE,Review,12/23/2025
APP100356,"$195,582 ",297,T3,722,CA,"$538,831 ",MTG-CV,15.2,FALSE,FALSE,FALSE,Review,8/29/2024
APP100357,"$195,189 ",166,T5,451,TX,"$2,609 ",CRD-ST,40.7,FALSE,FALSE,FALSE,Declined,4/20/2026
APP100358,"$67,159 ",200,T3,734,CA,"$11,322 ",CRD-ST,37.1,FALSE,FALSE,FALSE,Review,7/14/2026
APP100359,"$142,369 ",28,T2,791,CA,"$6,124 ",CRD-ST,28.6,FALSE,FALSE,FALSE,Approved,6/24/2024
APP100360,"$230,902 ",41,T1,841,FL,"$87,192 ",AUT-TR,24.4,FALSE,FALSE,FALSE,Approved,6/16/2024
APP100361,"$184,302 ",5,T3,683,FL,"$782,430 ",MTG-JB,35,FALSE,FALSE,FALSE,Review,2/13/2025
APP100362,"$229,146 ",218,T3,717,FL,"$5,187 ",CRD-ST,41,FALSE,FALSE,FALSE,Review,5/31/2026
APP100363,"$151,933 ",312,T1,827,FL,"$648,004 ",MTG-CV,12.7,FALSE,FALSE,FALSE,Approved,11/10/2024
APP100364,"$108,130 ",223,T1,819,FL,"$27,360 ",CRD-EL,10.2,FALSE,FALSE,FALSE,Approved,6/15/2024
APP100365,"$204,822 ",11,T3,686,FL,"$58,559 ",AUT-TT,15.5,FALSE,FALSE,FALSE,Review,3/8/2026
APP100366,"$157,162 ",120,T3,737,NC,"$290,447 ",MTG-FH,19.7,FALSE,FALSE,FALSE,Review,6/10/2024
APP100367,"$65,086 ",236,T3,735,CA,"$477,989 ",MTG-CV,35.4,FALSE,FALSE,FALSE,Review,1/25/2024
APP100368,"$183,456 ",127,T2,766,TX,"$518,903 ",MTG-CV,18.2,FALSE,FALSE,FALSE,Approved,3/11/2025
APP100369,"$66,800 ",34,T4,662,CA,"$7,039 ",CRD-ST,39.9,FALSE,FALSE,FALSE,Review,9/30/2026
APP100370,"$102,046 ",235,T2,745,CA,"$28,164 ",AUT-SP,12.4,FALSE,FALSE,FALSE,Approved,4/7/2025
APP100371,"$79,338 ",125,T2,765,NC,"$254,988 ",MTG-CV,16.7,FALSE,FALSE,FALSE,Approved,4/17/2025
APP100372,"$234,710 ",224,T1,816,TX,"$46,270 ",AUT-TR,23.6,FALSE,FALSE,FALSE,Approved,9/27/2026
APP100373,"$151,333 ",242,T4,639,NC,"$14,899 ",CRD-EL,49.7,FALSE,FALSE,TRUE,Review,12/30/2025
APP100374,"$187,079 ",57,T3,733,NC,"$1,278 ",CRD-SC,23.5,FALSE,FALSE,TRUE,Review,7/15/2025
APP100375,"$204,577 ",88,T4,652,FL,"$34,086 ",AUT-TT,46,FALSE,TRUE,FALSE,Review,1/5/2024
APP100376,"$228,822 ",318,T4,640,CA,"$249,789 ",MTG-CV,24.6,FALSE,FALSE,TRUE,Review,7/2/2024
APP100377,"$127,268 ",253,T4,652,CA,"$8,736 ",AUT-SP,39.1,TRUE,FALSE,FALSE,Review,6/23/2024
APP100378,"$168,518 ",132,T5,477,FL,"$14,018 ",AUT-TT,49.5,FALSE,FALSE,TRUE,Declined,2/24/2025
APP100379,"$88,148 ",321,T5,362,CA,"$9,043 ",AUT-SP,47.4,TRUE,FALSE,FALSE,Declined,3/12/2024
APP100380,"$68,947 ",40,T4,670,CA,"$320,818 ",MTG-FH,20.2,FALSE,FALSE,FALSE,Review,2/5/2026
APP100381,"$191,768 ",351,T2,790,CA,"$360,647 ",MTG-FH,33.1,FALSE,FALSE,FALSE,Approved,5/10/2026
APP100382,"$98,004 ",343,T2,762,NC,"$2,864 ",CRD-SC,17.8,FALSE,FALSE,FALSE,Approved,5/13/2024
APP100383,"$59,653 ",305,T2,755,TX,"$1,451 ",CRD-SC,31,FALSE,FALSE,FALSE,Approved,9/11/2025
APP100384,"$102,906 ",176,T2,762,CA,"$538,153 ",MTG-CV,31.2,FALSE,FALSE,FALSE,Approved,3/4/2026
APP100385,"$129,107 ",298,T4,657,NC,"$58,904 ",AUT-TR,34.2,FALSE,FALSE,FALSE,Review,10/13/2026
APP100386,"$71,506 ",42,T5,569,NC,"$203,160 ",MTG-FH,39.4,FALSE,TRUE,TRUE,Declined,11/26/2026
APP100387,"$130,454 ",237,T3,723,TX,"$844,695 ",MTG-JB,37.5,FALSE,FALSE,FALSE,Review,8/7/2025
APP100388,"$104,242 ",332,T3,737,FL,"$11,840 ",CRD-ST,17.1,FALSE,FALSE,FALSE,Review,9/11/2026
APP100389,"$94,404 ",45,T2,768,NC,"$1,232,449 ",MTG-JB,33.4,FALSE,FALSE,FALSE,Approved,6/4/2024
APP100390,"$226,919 ",16,T4,627,NC,"$10,389 ",CRD-ST,35,FALSE,TRUE,FALSE,Review,6/29/2026
APP100391,"$158,803 ",148,T1,802,NC,"$7,296 ",CRD-EL,27.8,FALSE,FALSE,FALSE,Approved,9/2/2024
APP100392,"$239,631 ",174,T1,821,TX,"$283,998 ",MTG-CV,8.7,FALSE,FALSE,FALSE,Approved,11/30/2024
APP100393,"$153,434 ",232,T4,646,NC,"$24,457 ",AUT-SP,38.5,FALSE,FALSE,FALSE,Review,5/29/2024
APP100394,"$204,257 ",141,T3,710,FL,"$23,764 ",AUT-TT,17,FALSE,FALSE,FALSE,Review,1/3/2024
APP100395,"$234,690 ",104,T3,706,TX,"$7,528 ",AUT-SP,21.8,FALSE,FALSE,FALSE,Review,9/2/2026
APP100396,"$59,688 ",265,T4,667,NC,"$11,352 ",AUT-TT,43.1,FALSE,FALSE,TRUE,Review,1/6/2024
APP100397,"$186,542 ",226,T4,675,TX,"$12,892 ",AUT-TT,27.3,FALSE,FALSE,FALSE,Review,9/29/2024
APP100398,"$227,624 ",76,T2,748,FL,"$1,198 ",CRD-SC,12.6,FALSE,FALSE,FALSE,Approved,11/2/2025
APP100399,"$69,807 ",73,T4,628,CA,"$36,687 ",AUT-TT,36.9,FALSE,FALSE,FALSE,Review,7/18/2026
APP100400,"$112,721 ",134,T4,638,FL,"$2,799 ",CRD-ST,49,FALSE,FALSE,FALSE,Review,11/17/2026
APP100401,"$123,268 ",70,T3,703,FL,"$1,410,081 ",MTG-JB,25.4,FALSE,FALSE,FALSE,Review,6/10/2025
APP100402,"$162,661 ",319,T1,802,CA,"$33,472 ",AUT-TT,13.7,FALSE,FALSE,FALSE,Approved,1/11/2026
APP100403,"$211,868 ",102,T4,677,CA,"$50,155 ",AUT-TR,32,FALSE,FALSE,FALSE,Review,1/6/2026
APP100404,"$107,828 ",198,T3,707,NC,"$3,384 ",CRD-ST,15.7,FALSE,FALSE,FALSE,Review,1/27/2026
APP100405,"$42,598 ",301,T5,561,TX,"$603,833 ",MTG-CV,55.9,FALSE,TRUE,FALSE,Declined,8/10/2025
APP100406,"$158,682 ",147,T1,801,TX,"$10,051 ",CRD-ST,21.9,FALSE,FALSE,FALSE,Approved,4/27/2024
APP100407,"$49,387 ",203,T5,378,CA,"$2,046 ",CRD-SC,50.4,FALSE,FALSE,TRUE,Declined,9/17/2025
APP100408,"$177,179 ",206,T3,694,CA,"$14,753 ",AUT-SP,31.2,TRUE,FALSE,FALSE,Review,2/18/2025
APP100409,"$174,739 ",13,T2,790,CA,"$46,181 ",CRD-EL,19.3,FALSE,FALSE,FALSE,Approved,9/1/2025
APP100410,"$213,770 ",190,T3,709,NC,"$84,985 ",AUT-TR,37.3,TRUE,FALSE,FALSE,Review,8/23/2024
APP100411,"$240,345 ",275,T1,850,TX,"$825,149 ",MTG-CV,19.8,FALSE,FALSE,FALSE,Approved,8/30/2025
APP100412,"$214,411 ",85,T1,849,FL,"$36,363 ",CRD-EL,8.2,FALSE,FALSE,FALSE,Approved,8/13/2025
APP100413,"$244,653 ",212,T4,642,TX,"$45,844 ",AUT-TT,44,FALSE,FALSE,FALSE,Review,2/5/2025
APP100414,"$241,175 ",340,T2,749,TX,"$1,291 ",CRD-SC,18,FALSE,FALSE,FALSE,Approved,6/10/2024
APP100415,"$39,693 ",8,T3,736,CA,"$1,368,672 ",MTG-JB,18.7,FALSE,FALSE,FALSE,Review,5/5/2026
APP100416,"$132,103 ",153,T2,752,NC,"$47,231 ",AUT-TR,34.2,FALSE,FALSE,FALSE,Approved,1/5/2025
APP100417,"$46,647 ",49,T4,649,TX,"$27,390 ",AUT-SP,49,FALSE,FALSE,FALSE,Review,12/14/2024
APP100418,"$115,542 ",16,T5,549,TX,"$70,231 ",AUT-TR,33.4,FALSE,FALSE,FALSE,Declined,7/5/2026
APP100419,"$116,866 ",86,T3,686,NC,"$161,825 ",MTG-FH,34.9,FALSE,FALSE,TRUE,Review,7/30/2024
APP100420,"$247,834 ",348,T1,835,FL,$520 ,CRD-SC,14.9,FALSE,FALSE,FALSE,Approved,8/12/2026
APP100421,"$114,736 ",270,T2,779,NC,"$56,238 ",AUT-TR,14.8,FALSE,FALSE,FALSE,Approved,10/23/2024
APP100422,"$154,713 ",268,T3,682,FL,"$2,440 ",CRD-SC,23.8,FALSE,FALSE,FALSE,Review,10/19/2026
APP100423,"$181,398 ",84,T2,782,TX,"$173,790 ",MTG-FH,12.9,FALSE,FALSE,FALSE,Approved,11/10/2026
APP100424,"$165,348 ",143,T4,677,TX,"$1,550,194 ",MTG-JB,45.5,FALSE,FALSE,TRUE,Review,8/23/2026
APP100425,"$73,283 ",187,T4,675,NC,"$830,875 ",MTG-CV,43,FALSE,FALSE,FALSE,Review,7/2/2026
APP100426,"$92,584 ",129,T3,702,CA,"$15,518 ",AUT-SP,38.6,FALSE,FALSE,FALSE,Review,9/2/2025
APP100427,"$227,637 ",174,T2,764,TX,"$54,494 ",AUT-TT,26.9,FALSE,FALSE,FALSE,Approved,9/26/2026
APP100428,"$76,561 ",189,T2,788,NC,"$65,888 ",AUT-TR,31.5,FALSE,FALSE,FALSE,Approved,6/19/2025
APP100429,"$133,145 ",155,T4,620,CA,"$68,166 ",AUT-TR,34,FALSE,FALSE,FALSE,Review,3/18/2025
APP100430,"$224,963 ",102,T2,742,TX,"$9,660 ",CRD-ST,17.1,FALSE,FALSE,FALSE,Approved,3/30/2026
APP100431,"$150,233 ",214,T4,663,CA,"$3,370 ",CRD-ST,38.6,FALSE,FALSE,FALSE,Review,6/30/2024
APP100432,"$200,401 ",74,T3,688,CA,"$10,625 ",AUT-TT,21.5,FALSE,FALSE,TRUE,Review,2/14/2025
APP100433,"$92,130 ",82,T3,727,TX,"$80,078 ",AUT-TR,39.5,FALSE,FALSE,FALSE,Review,12/20/2025
APP100434,"$177,634 ",116,T1,805,FL,"$1,034 ",CRD-SC,13.1,FALSE,FALSE,FALSE,Approved,3/21/2024
APP100435,"$135,406 ",96,T2,791,CA,"$2,323 ",CRD-SC,26.8,TRUE,FALSE,FALSE,Approved,7/2/2024
APP100436,"$127,417 ",32,T2,782,FL,"$678,336 ",MTG-CV,29.9,FALSE,FALSE,FALSE,Approved,11/17/2024
APP100437,"$152,220 ",159,T2,754,CA,"$8,134 ",CRD-EL,22.2,FALSE,FALSE,FALSE,Approved,1/28/2025
APP100438,"$185,920 ",107,T4,674,CA,$758 ,CRD-SC,39.7,FALSE,FALSE,FALSE,Review,3/31/2025
APP100439,"$209,071 ",13,T3,692,TX,"$10,893 ",AUT-TT,26.9,FALSE,FALSE,FALSE,Review,3/3/2025
APP100440,"$201,941 ",125,T3,709,NC,"$1,492,196 ",MTG-JB,20.1,FALSE,FALSE,FALSE,Review,8/4/2025
APP100441,"$153,725 ",104,T5,349,NC,"$637,865 ",MTG-CV,46.2,FALSE,TRUE,TRUE,Declined,2/26/2026
APP100442,"$131,952 ",222,T2,749,TX,"$65,715 ",AUT-TR,17.4,FALSE,FALSE,FALSE,Approved,6/28/2025
APP100443,"$193,909 ",42,T3,717,CA,"$21,306 ",CRD-EL,40.2,FALSE,FALSE,FALSE,Review,3/19/2026
APP100444,"$108,112 ",193,T3,684,TX,"$13,381 ",AUT-SP,32,FALSE,FALSE,FALSE,Review,2/23/2025
APP100445,"$144,642 ",96,T3,700,CA,"$33,620 ",AUT-TR,18.9,FALSE,FALSE,FALSE,Review,6/24/2024
APP100446,"$245,957 ",323,T2,781,NC,"$19,927 ",CRD-EL,13.6,FALSE,FALSE,FALSE,Approved,1/30/2025
APP100447,"$75,455 ",276,T4,656,FL,"$33,504 ",AUT-SP,38.3,FALSE,FALSE,FALSE,Review,7/22/2026
APP100448,"$102,477 ",42,T4,640,NC,"$31,899 ",AUT-SP,37.5,FALSE,TRUE,TRUE,Review,6/23/2024
APP100449,"$76,857 ",131,T3,733,CA,"$48,367 ",AUT-TT,37.7,FALSE,FALSE,FALSE,Review,8/7/2025
APP100450,"$106,841 ",56,T2,749,NC,"$752,382 ",MTG-CV,31.6,FALSE,FALSE,FALSE,Approved,4/21/2026
APP100451,"$52,095 ",270,T4,641,NC,"$73,008 ",AUT-TR,39.4,FALSE,FALSE,FALSE,Review,4/6/2026
APP100452,"$60,908 ",126,T3,687,FL,"$235,474 ",MTG-CV,31.4,FALSE,FALSE,FALSE,Review,12/15/2025
APP100453,"$101,526 ",253,T5,499,FL,"$1,390,652 ",MTG-JB,44.7,FALSE,FALSE,TRUE,Declined,1/28/2026
APP100454,"$114,962 ",138,T3,717,TX,$803 ,CRD-SC,17.4,FALSE,FALSE,FALSE,Review,11/20/2024
APP100455,"$245,041 ",7,T1,802,FL,"$11,161 ",CRD-ST,21.3,FALSE,FALSE,FALSE,Approved,10/5/2025
APP100456,"$145,716 ",59,T2,766,CA,"$1,980 ",CRD-SC,12.3,FALSE,FALSE,FALSE,Approved,2/5/2026
APP100457,"$110,430 ",287,T2,774,TX,"$205,667 ",MTG-CV,14.8,FALSE,FALSE,FALSE,Approved,6/14/2026
APP100458,"$146,042 ",131,T1,816,NC,"$26,890 ",AUT-SP,19.2,FALSE,FALSE,FALSE,Approved,10/29/2026
APP100459,"$183,685 ",210,T2,778,FL,"$59,226 ",AUT-TT,27.3,FALSE,FALSE,FALSE,Approved,9/5/2026
APP100460,"$52,830 ",34,T4,671,FL,"$79,941 ",AUT-TR,32.7,FALSE,FALSE,TRUE,Review,12/25/2025
APP100461,"$94,174 ",169,T3,691,TX,"$1,930,601 ",MTG-JB,34.6,FALSE,FALSE,FALSE,Review,4/21/2026
APP100462,"$202,927 ",173,T3,722,FL,"$1,086 ",CRD-SC,16.1,FALSE,FALSE,FALSE,Review,7/4/2025
APP100463,"$240,075 ",244,T5,385,NC,"$71,389 ",AUT-TR,50.3,FALSE,FALSE,FALSE,Declined,9/6/2026
APP100464,"$92,282 ",240,T4,649,NC,"$9,703 ",CRD-ST,34.5,FALSE,FALSE,TRUE,Review,10/1/2026
APP100465,"$53,193 ",282,T2,799,TX,"$43,886 ",AUT-TT,26.6,FALSE,FALSE,FALSE,Approved,11/4/2025
APP100466,"$177,094 ",25,T3,715,FL,"$45,410 ",AUT-TR,22.5,FALSE,FALSE,FALSE,Review,9/1/2025
APP100467,"$157,692 ",108,T3,707,NC,"$385,395 ",MTG-FH,21.7,FALSE,FALSE,FALSE,Review,8/31/2026
APP100468,"$78,768 ",308,T4,659,CA,"$65,574 ",AUT-TR,20.7,FALSE,FALSE,FALSE,Review,9/12/2024
APP100469,"$202,198 ",36,T2,749,FL,"$425,214 ",MTG-FH,18.4,FALSE,FALSE,FALSE,Approved,11/23/2025
APP100470,"$82,110 ",273,T4,662,NC,"$15,748 ",AUT-SP,37.9,FALSE,TRUE,FALSE,Review,11/2/2025
APP100471,"$242,928 ",117,T2,745,FL,"$6,764 ",CRD-EL,33.1,FALSE,FALSE,FALSE,Approved,1/15/2025
APP100472,"$127,890 ",107,T1,811,FL,"$33,839 ",AUT-TR,18.2,FALSE,FALSE,FALSE,Approved,9/16/2024
APP100473,"$51,163 ",78,T2,791,FL,"$23,790 ",AUT-TT,21.8,FALSE,FALSE,FALSE,Approved,9/9/2025
APP100474,"$228,630 ",207,T5,608,TX,"$5,541 ",AUT-SP,44.5,FALSE,TRUE,FALSE,Declined,1/24/2026
APP100475,"$66,962 ",275,T3,734,TX,"$3,296 ",CRD-ST,31.9,FALSE,FALSE,FALSE,Review,12/3/2026
APP100476,"$106,857 ",110,T4,632,FL,"$15,817 ",AUT-SP,25.6,FALSE,FALSE,TRUE,Review,9/2/2026
APP100477,"$130,793 ",75,T1,801,CA,"$212,250 ",MTG-CV,15.7,FALSE,FALSE,FALSE,Approved,6/28/2024
APP100478,"$203,623 ",50,T3,729,FL,"$8,672 ",AUT-SP,28.7,FALSE,FALSE,FALSE,Review,10/1/2024
APP100479,"$220,159 ",311,T2,779,NC,"$14,518 ",AUT-SP,33.9,FALSE,FALSE,TRUE,Approved,4/2/2024
APP100480,"$193,949 ",115,T4,658,NC,"$371,605 ",MTG-FH,47,FALSE,FALSE,FALSE,Review,4/2/2025
APP100481,"$65,761 ",43,T3,693,TX,"$322,257 ",MTG-CV,38.6,FALSE,FALSE,FALSE,Review,5/20/2024
APP100482,"$42,113 ",185,T3,681,CA,"$2,701 ",CRD-SC,38,FALSE,FALSE,FALSE,Review,7/23/2026
APP100483,"$61,873 ",118,T2,792,NC,"$26,763 ",CRD-EL,32.9,FALSE,FALSE,FALSE,Approved,8/29/2025
APP100484,"$67,319 ",282,T2,790,NC,"$57,254 ",AUT-TR,34.9,TRUE,FALSE,FALSE,Approved,5/11/2026
APP100485,"$145,502 ",225,T5,522,NC,"$70,126 ",AUT-TR,46.3,FALSE,FALSE,FALSE,Declined,1/8/2024
APP100486,"$238,348 ",142,T3,713,TX,"$1,751,873 ",MTG-JB,17.6,FALSE,FALSE,FALSE,Review,4/13/2026
APP100487,"$74,275 ",53,T4,633,CA,"$766,654 ",MTG-JB,39.2,FALSE,TRUE,FALSE,Review,8/5/2026
APP100488,"$99,129 ",118,T4,663,NC,"$20,002 ",AUT-SP,30.9,FALSE,FALSE,FALSE,Review,11/17/2024
APP100489,"$242,959 ",343,T4,625,FL,"$399,195 ",MTG-FH,36.2,FALSE,FALSE,TRUE,Review,4/12/2026
APP100490,"$88,902 ",169,T1,821,NC,"$3,826 ",CRD-ST,17.1,FALSE,FALSE,FALSE,Approved,8/17/2024
APP100491,"$245,263 ",170,T2,752,NC,"$10,374 ",AUT-SP,14.5,FALSE,FALSE,FALSE,Approved,5/3/2024
APP100492,"$129,704 ",226,T2,793,FL,"$19,246 ",AUT-SP,12.3,FALSE,FALSE,FALSE,Approved,10/25/2026
APP100493,"$55,852 ",287,T3,701,FL,"$32,730 ",AUT-TT,32,FALSE,FALSE,FALSE,Review,5/10/2025
APP100494,"$68,216 ",120,T4,629,FL,"$43,851 ",AUT-TT,23.2,FALSE,TRUE,FALSE,Review,12/5/2026
APP100495,"$36,568 ",327,T5,411,FL,"$1,068,919 ",MTG-JB,55.6,FALSE,TRUE,TRUE,Declined,4/2/2024
APP100496,"$198,380 ",68,T4,673,TX,"$54,720 ",AUT-TT,32.5,FALSE,FALSE,FALSE,Review,10/27/2026
APP100497,"$248,030 ",232,T1,803,TX,"$964,545 ",MTG-JB,8.3,FALSE,FALSE,FALSE,Approved,8/13/2025
APP100498,"$67,451 ",338,T1,809,TX,"$210,654 ",MTG-FH,8.4,FALSE,FALSE,FALSE,Approved,5/11/2024
APP100499,"$56,640 ",19,T3,709,NC,"$10,724 ",CRD-ST,28.8,TRUE,FALSE,FALSE,Review,10/29/2026
APP100500,"$43,995 ",67,T1,813,CA,"$48,814 ",CRD-EL,24.7,FALSE,FALSE,FALSE,Approved,3/25/2026
APP100501,"$194,670 ",208,T3,726,NC,$798 ,CRD-SC,38.4,FALSE,FALSE,FALSE,Review,10/18/2024
APP100502,"$94,104 ",153,T3,682,NC,"$1,632,235 ",MTG-JB,15.4,FALSE,FALSE,FALSE,Review,1/23/2026
APP100503,"$152,033 ",246,T1,808,CA,"$91,071 ",AUT-TR,10.1,FALSE,FALSE,FALSE,Approved,2/7/2025
APP100504,"$178,788 ",226,T2,757,CA,"$28,501 ",CRD-EL,20.2,FALSE,FALSE,FALSE,Approved,6/29/2026
APP100505,"$173,270 ",241,T2,769,FL,"$774,601 ",MTG-JB,24.5,FALSE,FALSE,FALSE,Approved,11/24/2024
APP100506,"$85,657 ",195,T5,346,FL,"$13,421 ",CRD-ST,56,TRUE,FALSE,FALSE,Declined,5/19/2026
APP100507,"$187,772 ",31,T2,769,TX,"$46,627 ",AUT-TT,31,FALSE,FALSE,FALSE,Approved,1/16/2025
APP100508,"$157,553 ",307,T4,659,NC,"$25,598 ",AUT-SP,21.2,TRUE,FALSE,FALSE,Review,1/14/2026
APP100509,"$199,803 ",26,T3,692,TX,"$1,210,999 ",MTG-JB,40,FALSE,FALSE,FALSE,Review,2/26/2025
APP100510,"$214,208 ",99,T3,734,NC,"$1,922,713 ",MTG-JB,15.6,FALSE,FALSE,FALSE,Review,4/28/2024
APP100511,"$168,407 ",106,T2,799,NC,"$347,040 ",MTG-CV,23.2,FALSE,FALSE,FALSE,Approved,12/16/2025
APP100512,"$99,068 ",28,T1,816,FL,"$33,423 ",AUT-TT,18.8,FALSE,FALSE,FALSE,Approved,1/20/2026
APP100513,"$152,903 ",122,T5,549,CA,"$886,127 ",MTG-CV,43,FALSE,FALSE,FALSE,Declined,11/7/2026
APP100514,"$152,577 ",2,T3,689,NC,"$29,625 ",AUT-TR,19.3,FALSE,FALSE,FALSE,Review,5/22/2026
APP100515,"$175,752 ",227,T2,775,CA,"$25,153 ",AUT-SP,17.4,FALSE,FALSE,FALSE,Approved,12/17/2026
APP100516,"$106,819 ",48,T2,756,FL,"$11,117 ",CRD-ST,21.2,FALSE,FALSE,FALSE,Approved,2/28/2026
APP100517,"$38,382 ",245,T5,371,FL,"$91,189 ",AUT-TR,44.2,FALSE,FALSE,FALSE,Declined,5/2/2025
APP100518,"$220,597 ",159,T2,749,TX,"$232,595 ",MTG-FH,24.7,FALSE,FALSE,FALSE,Approved,8/2/2024
APP100519,"$177,510 ",302,T3,699,TX,"$1,658,969 ",MTG-JB,29.8,FALSE,FALSE,FALSE,Review,9/8/2024
APP100520,"$226,400 ",292,T1,805,NC,"$19,428 ",AUT-TT,15.2,TRUE,FALSE,FALSE,Approved,7/16/2024
APP100521,"$152,422 ",175,T4,656,NC,"$13,445 ",CRD-ST,46.6,FALSE,TRUE,FALSE,Review,8/15/2025
APP100522,"$133,013 ",246,T2,768,NC,"$340,489 ",MTG-CV,32.9,FALSE,FALSE,FALSE,Approved,2/17/2026
APP100523,"$222,640 ",252,T4,643,NC,"$1,231 ",CRD-SC,49,FALSE,FALSE,FALSE,Review,2/16/2026
APP100524,"$183,875 ",29,T5,604,CA,"$17,826 ",CRD-EL,50,FALSE,FALSE,FALSE,Declined,11/25/2026
APP100525,"$185,016 ",320,T3,730,NC,"$1,973,779 ",MTG-JB,34.1,TRUE,FALSE,FALSE,Review,7/10/2024
APP100526,"$202,455 ",187,T4,644,FL,"$34,429 ",AUT-SP,43.2,FALSE,FALSE,FALSE,Review,2/8/2026
APP100527,"$100,212 ",79,T4,648,FL,"$1,536,251 ",MTG-JB,24,FALSE,FALSE,FALSE,Review,5/3/2026
APP100528,"$104,863 ",24,T5,520,CA,"$334,208 ",MTG-FH,48.5,FALSE,FALSE,TRUE,Declined,2/26/2024
APP100529,"$54,936 ",120,T2,771,FL,"$697,446 ",MTG-CV,24.8,FALSE,FALSE,FALSE,Approved,11/16/2026
APP100530,"$40,791 ",266,T5,556,TX,"$36,582 ",AUT-TR,28.2,FALSE,TRUE,FALSE,Declined,12/28/2025
APP100531,"$178,649 ",257,T3,710,CA,$717 ,CRD-SC,18.3,FALSE,FALSE,FALSE,Review,7/31/2024
APP100532,"$199,521 ",86,T5,370,CA,"$581,827 ",MTG-CV,39.5,FALSE,FALSE,TRUE,Declined,9/20/2026
APP100533,"$184,743 ",46,T4,629,CA,"$23,367 ",AUT-TT,40.1,FALSE,FALSE,FALSE,Review,1/9/2024
APP100534,"$114,065 ",71,T1,850,FL,"$19,560 ",CRD-EL,21.6,FALSE,FALSE,FALSE,Approved,3/14/2024
APP100535,"$58,860 ",23,T5,462,NC,"$24,860 ",AUT-TT,54.5,FALSE,FALSE,FALSE,Declined,12/10/2025
APP100536,"$68,254 ",251,T3,699,FL,"$245,526 ",MTG-CV,40.4,FALSE,FALSE,FALSE,Review,11/22/2024
APP100537,"$234,875 ",355,T3,696,NC,"$3,353 ",CRD-ST,16.5,FALSE,FALSE,FALSE,Review,11/19/2024
APP100538,"$93,057 ",357,T4,649,CA,"$11,687 ",CRD-ST,27.4,FALSE,FALSE,FALSE,Review,5/1/2024
APP100539,"$72,047 ",337,T3,706,NC,"$313,632 ",MTG-FH,18.7,FALSE,FALSE,FALSE,Review,8/1/2026
APP100540,"$238,975 ",43,T4,658,NC,"$30,044 ",AUT-SP,37.4,FALSE,FALSE,FALSE,Review,8/27/2026
APP100541,"$122,512 ",229,T2,756,TX,"$463,106 ",MTG-FH,31.9,TRUE,FALSE,FALSE,Approved,12/3/2025
APP100542,"$206,592 ",47,T4,640,NC,$859 ,CRD-SC,23.5,FALSE,TRUE,TRUE,Review,8/26/2026
APP100543,"$147,163 ",182,T4,669,FL,"$49,575 ",AUT-TR,28.2,FALSE,FALSE,FALSE,Review,2/2/2024
APP100544,"$190,706 ",171,T2,776,CA,"$36,928 ",AUT-TT,14.7,FALSE,FALSE,FALSE,Approved,6/22/2026
APP100545,"$181,815 ",267,T4,632,CA,"$53,407 ",AUT-TT,33.6,FALSE,TRUE,TRUE,Review,1/16/2024
APP100546,"$103,927 ",261,T3,684,CA,"$36,104 ",AUT-TT,38.2,FALSE,FALSE,FALSE,Review,2/18/2025
APP100547,"$51,480 ",217,T5,316,NC,"$19,836 ",CRD-EL,25.4,FALSE,FALSE,FALSE,Declined,11/5/2025
APP100548,"$240,659 ",214,T4,664,FL,"$320,369 ",MTG-FH,43.4,FALSE,FALSE,TRUE,Review,9/6/2024
APP100549,"$207,814 ",72,T3,722,NC,"$272,966 ",MTG-CV,28.5,FALSE,FALSE,FALSE,Review,11/16/2024
APP100550,"$246,557 ",266,T3,686,CA,"$36,505 ",CRD-EL,29.4,FALSE,FALSE,FALSE,Review,5/24/2025
APP100551,"$249,783 ",1,T3,730,FL,"$1,630,777 ",MTG-JB,26.5,FALSE,FALSE,FALSE,Review,8/6/2026
APP100552,"$158,159 ",195,T3,683,FL,"$1,785,211 ",MTG-JB,25.9,FALSE,FALSE,TRUE,Review,11/2/2026
APP100553,"$81,125 ",135,T4,661,FL,"$73,114 ",AUT-TR,47.2,FALSE,FALSE,FALSE,Review,5/28/2024
APP100554,"$182,354 ",226,T1,827,NC,"$57,691 ",AUT-TR,18.1,FALSE,FALSE,FALSE,Approved,9/1/2025
APP100555,"$59,309 ",202,T3,689,TX,"$19,379 ",CRD-EL,15.7,FALSE,FALSE,FALSE,Review,6/26/2026
APP100556,"$119,525 ",354,T2,770,CA,"$256,819 ",MTG-FH,13.2,FALSE,FALSE,FALSE,Approved,10/4/2024
APP100557,"$148,697 ",275,T3,733,FL,"$1,093,982 ",MTG-JB,35.9,FALSE,FALSE,FALSE,Review,7/1/2025
APP100558,"$135,242 ",39,T1,823,CA,"$22,257 ",AUT-TT,9.7,TRUE,FALSE,FALSE,Approved,3/9/2024
APP100559,"$221,879 ",111,T1,808,FL,"$10,224 ",CRD-EL,19.5,FALSE,FALSE,FALSE,Approved,2/12/2025
APP100560,"$163,660 ",325,T4,653,FL,"$450,044 ",MTG-FH,47.9,FALSE,FALSE,FALSE,Review,10/18/2024
APP100561,"$91,990 ",130,T1,842,CA,"$50,622 ",AUT-TT,19.9,FALSE,FALSE,FALSE,Approved,9/4/2024
APP100562,"$219,098 ",317,T1,827,NC,"$18,141 ",AUT-SP,21.3,TRUE,FALSE,FALSE,Approved,8/5/2025
APP100563,"$73,919 ",108,T2,745,CA,"$11,028 ",CRD-ST,12.1,FALSE,FALSE,FALSE,Approved,1/4/2026
APP100564,"$105,992 ",47,T4,677,TX,"$624,766 ",MTG-CV,38.8,FALSE,FALSE,FALSE,Review,12/7/2024
APP100565,"$105,857 ",114,T4,653,CA,"$419,354 ",MTG-FH,21.9,FALSE,FALSE,FALSE,Review,2/9/2024
APP100566,"$157,329 ",22,T1,803,NC,"$65,298 ",AUT-TR,13.8,FALSE,FALSE,FALSE,Approved,12/7/2026
APP100567,"$203,988 ",267,T3,725,TX,"$335,806 ",MTG-FH,20.6,FALSE,FALSE,FALSE,Review,1/12/2025
APP100568,"$88,548 ",241,T2,787,NC,"$197,168 ",MTG-FH,31.2,FALSE,FALSE,FALSE,Approved,6/7/2024
APP100569,"$42,879 ",302,T3,724,FL,"$425,489 ",MTG-FH,20.9,FALSE,FALSE,FALSE,Review,9/30/2024
APP100570,"$203,721 ",40,T3,685,TX,"$288,989 ",MTG-CV,40.4,FALSE,FALSE,FALSE,Review,10/23/2026
APP100571,"$249,627 ",34,T3,699,FL,"$28,348 ",CRD-EL,29.4,FALSE,FALSE,FALSE,Review,7/31/2024
APP100572,"$113,088 ",283,T3,736,NC,"$995,197 ",MTG-JB,38,FALSE,FALSE,FALSE,Review,12/19/2024
APP100573,"$236,385 ",72,T5,507,FL,"$1,681 ",CRD-SC,34.1,FALSE,TRUE,TRUE,Declined,4/1/2025
APP100574,"$95,053 ",261,T2,782,NC,"$46,386 ",CRD-EL,28.9,FALSE,FALSE,FALSE,Approved,10/2/2024
APP100575,"$152,803 ",280,T5,619,CA,"$58,149 ",AUT-TR,32.5,FALSE,FALSE,TRUE,Declined,4/9/2024
APP100576,"$229,629 ",319,T1,831,CA,"$32,832 ",AUT-TT,22.2,FALSE,FALSE,FALSE,Approved,8/16/2025
APP100577,"$227,042 ",291,T3,709,NC,"$302,648 ",MTG-CV,16.7,FALSE,FALSE,FALSE,Review,3/25/2025
APP100578,"$210,782 ",116,T1,838,NC,"$47,009 ",CRD-EL,8.3,FALSE,FALSE,FALSE,Approved,8/2/2026
APP100579,"$84,756 ",197,T1,847,NC,"$8,187 ",CRD-EL,17.1,FALSE,FALSE,FALSE,Approved,10/3/2026
APP100580,"$240,316 ",6,T2,746,CA,"$16,060 ",AUT-SP,26.3,FALSE,FALSE,FALSE,Approved,12/6/2024
APP100581,"$78,227 ",82,T3,696,TX,"$1,769,064 ",MTG-JB,41.5,FALSE,FALSE,FALSE,Review,8/22/2026
APP100582,"$241,556 ",265,T4,648,FL,"$403,564 ",MTG-FH,31.6,FALSE,FALSE,FALSE,Review,11/9/2024
APP100583,"$50,095 ",136,T5,541,NC,"$13,677 ",CRD-EL,35.3,FALSE,TRUE,TRUE,Declined,11/22/2026
APP100584,"$79,515 ",53,T1,807,TX,"$16,599 ",AUT-TT,27.3,FALSE,FALSE,FALSE,Approved,8/25/2026
APP100585,"$46,947 ",174,T5,400,FL,"$36,332 ",CRD-EL,51.6,FALSE,TRUE,FALSE,Declined,4/26/2024
APP100586,"$148,021 ",257,T5,460,FL,"$9,456 ",AUT-SP,39.5,FALSE,FALSE,FALSE,Declined,2/23/2026
APP100587,"$194,575 ",328,T4,620,NC,"$463,706 ",MTG-FH,22.3,FALSE,TRUE,FALSE,Review,3/25/2025
APP100588,"$203,545 ",2,T4,668,FL,"$27,362 ",AUT-TT,23.1,FALSE,FALSE,FALSE,Review,3/4/2025
APP100589,"$52,947 ",235,T1,814,FL,"$387,984 ",MTG-FH,12.6,TRUE,FALSE,FALSE,Approved,10/24/2024
APP100590,"$48,811 ",229,T3,708,CA,"$95,883 ",AUT-TR,40.9,FALSE,FALSE,FALSE,Review,7/20/2024
APP100591,"$61,136 ",283,T1,835,NC,"$28,370 ",AUT-SP,18.6,FALSE,FALSE,FALSE,Approved,10/24/2024
APP100592,"$58,814 ",4,T3,686,NC,"$3,605 ",CRD-ST,36.7,FALSE,FALSE,FALSE,Review,6/27/2025
APP100593,"$65,914 ",62,T4,670,FL,"$5,436 ",CRD-ST,29,FALSE,FALSE,TRUE,Review,2/3/2024
APP100594,"$224,719 ",120,T5,453,CA,"$712,047 ",MTG-CV,47.2,FALSE,FALSE,FALSE,Declined,3/10/2024
APP100595,"$202,230 ",22,T1,805,NC,"$1,681,296 ",MTG-JB,13.4,FALSE,FALSE,FALSE,Approved,4/1/2024
APP100596,"$83,862 ",189,T3,735,CA,"$8,031 ",CRD-EL,17.4,TRUE,FALSE,FALSE,Review,1/2/2024
APP100597,"$210,090 ",8,T5,526,CA,"$11,889 ",CRD-ST,39.4,FALSE,FALSE,FALSE,Declined,8/6/2025
APP100598,"$197,312 ",177,T3,733,NC,"$25,649 ",AUT-SP,23.6,FALSE,FALSE,FALSE,Review,10/5/2025
APP100599,"$100,504 ",197,T2,775,NC,"$1,969 ",CRD-SC,14.9,FALSE,FALSE,FALSE,Approved,1/30/2025
